timestamp,equity
2022-01-01 20:00:00,1.0020124816621991
2022-01-02 08:00:00,1.005820812436184
2022-01-02 12:00:00,1.0112404103098067
2022-01-02 16:00:00,1.004757666452579
2022-01-02 20:00:00,1.0093123201268612
2022-01-03 08:00:00,1.013070012441184
2022-01-11 08:00:00,1.070717957251615
2022-01-11 16:00:00,1.0740554417436334
2022-01-11 20:00:00,1.0775621094864811
2022-01-12 00:00:00,1.075954982614978
2022-01-12 04:00:00,1.0731707492838876
2022-01-12 08:00:00,1.0795358170102372
2022-01-12 12:00:00,1.0913670889147193
2022-01-12 16:00:00,1.0891504409977517
2022-01-12 20:00:00,1.095054444104455
2022-01-13 00:00:00,1.1024957009530532
2022-01-13 04:00:00,1.1082284763866348
2022-01-13 08:00:00,1.11052433868834
2022-01-13 12:00:00,1.099116503422595
2022-01-13 16:00:00,1.0935552054679099
2022-01-13 20:00:00,1.1107326698211855
2022-01-14 00:00:00,1.118445211439973
2022-01-14 04:00:00,1.1563908777395964
2022-01-14 08:00:00,1.1444106709716204
2022-01-14 12:00:00,1.1522667207356334
2022-01-14 16:00:00,1.1423518886233528
2022-01-14 20:00:00,1.134923024044345
2022-01-15 00:00:00,1.1480009016939017
2022-01-15 04:00:00,1.1492244958029705
2022-01-15 08:00:00,1.1466519879997055
2022-01-15 12:00:00,1.1454601270204197
2022-01-15 16:00:00,1.1406016935185512
2022-01-15 20:00:00,1.1355773206343258
2022-01-16 00:00:00,1.1276294872632489
2022-01-16 04:00:00,1.1292431939415706
2022-01-20 12:00:00,1.1406101413448657
2022-01-25 12:00:00,1.1506281850928053
2022-01-25 16:00:00,1.1653309330928536
2022-01-25 20:00:00,1.1607830467495284
2022-01-26 00:00:00,1.1701624551210712
2022-01-26 04:00:00,1.164959581046772
2022-01-26 08:00:00,1.1877321621207526
2022-01-26 12:00:00,1.1830233223674749
2022-01-26 16:00:00,1.1792573062023048
2022-01-26 20:00:00,1.1604981682652638
2022-01-27 08:00:00,1.1661097803232652
2022-01-27 12:00:00,1.1673218107315941
2022-01-28 20:00:00,1.17178680259812
2022-01-29 00:00:00,1.1742411315631585
2022-01-29 04:00:00,1.1792344881185723
2022-01-29 08:00:00,1.1752613258602496
2022-01-29 12:00:00,1.1726086535633684
2022-01-29 16:00:00,1.1724006373682871
2022-01-29 20:00:00,1.175991895275897
2022-01-30 04:00:00,1.1859880840432808
2022-01-30 08:00:00,1.1840373903510741
2022-01-31 16:00:00,1.1928453723050816
2022-01-31 20:00:00,1.195521319502186
2022-02-01 00:00:00,1.2161780659451147
2022-02-01 04:00:00,1.2079040920820046
2022-02-01 08:00:00,1.2015522322048315
2022-02-01 12:00:00,1.200143404711871
2022-02-01 16:00:00,1.1926130185788828
2022-02-01 20:00:00,1.196248652625567
2022-02-02 00:00:00,1.199869052725639
2022-02-02 04:00:00,1.191384047957681
2022-02-02 08:00:00,1.2121070003016319
2022-02-04 04:00:00,1.2256842872698672
2022-02-04 08:00:00,1.21943040402477
2022-02-04 12:00:00,1.236355829494666
2022-02-04 16:00:00,1.2470940807813056
2022-02-04 20:00:00,1.2720366270341072
2022-02-05 00:00:00,1.2711906533037656
2022-02-05 04:00:00,1.272637250193409
2022-02-05 08:00:00,1.2780861851433942
2022-02-05 12:00:00,1.2743844788231968
2022-02-05 16:00:00,1.2649483837413458
2022-02-05 20:00:00,1.2617933432292257
2022-02-06 00:00:00,1.2681252774012142
2022-02-06 04:00:00,1.2658244399252894
2022-02-06 08:00:00,1.2586648980926656
2022-02-06 12:00:00,1.2523705204716151
2022-02-06 16:00:00,1.2806162135681816
2022-02-06 20:00:00,1.3052878434752244
2022-02-07 00:00:00,1.341248278167815
2022-02-07 04:00:00,1.3243933847589862
2022-02-07 08:00:00,1.3258451186931024
2022-02-07 12:00:00,1.345774352488453
2022-02-07 16:00:00,1.3835574325854045
2022-02-07 20:00:00,1.3712511666377718
2022-02-08 00:00:00,1.369416690770457
2022-02-08 04:00:00,1.3680912211935126
2022-02-08 08:00:00,1.3388802307497347
2022-02-08 20:00:00,1.351883187947316
2022-02-09 04:00:00,1.3559727538881994
2022-02-09 08:00:00,1.358751449680576
2022-02-09 12:00:00,1.3653932302050242
2022-02-09 16:00:00,1.3647093908683363
2022-02-09 20:00:00,1.3635920655312732
2022-02-10 00:00:00,1.355104647255858
2022-02-10 04:00:00,1.352624122934219
2022-02-10 08:00:00,1.3610779600107519
2022-02-13 08:00:00,1.4046916630197044
2022-02-13 12:00:00,1.4196647936763946
2022-02-13 16:00:00,1.4111256082197723
2022-02-15 00:00:00,1.426234714489379
2022-02-15 04:00:00,1.4296089245823376
2022-02-15 08:00:00,1.4337467930612577
2022-02-15 12:00:00,1.4283533322877333
2022-02-15 16:00:00,1.4280339410462035
2022-02-15 20:00:00,1.441909662812504
2022-02-16 00:00:00,1.43020314531864
2022-02-16 04:00:00,1.4305134197915823
2022-02-16 08:00:00,1.4246051470583507
2022-02-16 16:00:00,1.4414501369984662
2022-02-17 04:00:00,1.4499232769556054
2022-02-19 04:00:00,1.4687190303725317
2022-02-21 04:00:00,1.4840266773897515
2022-02-23 08:00:00,1.4917234392438645
2022-02-25 12:00:00,1.500662497862234
2022-02-25 20:00:00,1.5136905022071265
2022-02-26 00:00:00,1.518337792298596
2022-02-26 04:00:00,1.5126900901836435
2022-02-26 08:00:00,1.5082121710163747
2022-02-26 12:00:00,1.5092983074164632
2022-02-26 16:00:00,1.5099894091186943
2022-02-26 20:00:00,1.5106813735566003
2022-02-27 08:00:00,1.5179403299866117
2022-02-27 12:00:00,1.517165573402789
2022-02-28 12:00:00,1.5559187400004604
2022-02-28 16:00:00,1.5502070220203525
2022-02-28 20:00:00,1.5854899640618467
2022-03-01 00:00:00,1.5784970130532605
2022-03-01 04:00:00,1.5770402938888959
2022-03-01 08:00:00,1.5729077372374256
2022-03-01 12:00:00,1.583164974969252
2022-03-01 16:00:00,1.5783704674387198
2022-03-01 20:00:00,1.5840552892151085
2022-03-02 00:00:00,1.5890495579211188
2022-03-02 04:00:00,1.5797030595594672
2022-03-02 08:00:00,1.5859208628689345
2022-03-02 12:00:00,1.5735463240247172
2022-03-02 16:00:00,1.5680299241899385
2022-03-02 20:00:00,1.5718177583259128
2022-03-03 00:00:00,1.563592909876914
2022-03-03 04:00:00,1.5633277770987755
2022-03-03 08:00:00,1.563891967340103
2022-03-09 00:00:00,1.5972676171443854
2022-03-09 04:00:00,1.6067896521821705
2022-03-09 08:00:00,1.6080887961874666
2022-03-09 12:00:00,1.6115994637722009
2022-03-09 16:00:00,1.5944762011460958
2022-03-09 20:00:00,1.5957855121928708
2022-03-16 04:00:00,1.605092488654668
2022-03-16 08:00:00,1.6072843038689562
2022-03-16 12:00:00,1.6143143745210797
2022-03-16 16:00:00,1.6260291283627133
2022-03-16 20:00:00,1.639909131029976
2022-03-17 00:00:00,1.636268591054137
2022-03-17 04:00:00,1.6360708980586847
2022-03-17 08:00:00,1.631950680352741
2022-03-17 12:00:00,1.6317321021362468
2022-03-17 16:00:00,1.6279823508753604
2022-03-17 20:00:00,1.6173405859891878
2022-03-18 12:00:00,1.650019275547259
2022-03-18 16:00:00,1.708233303040209
2022-03-18 20:00:00,1.7116787168246743
2022-03-19 00:00:00,1.701818836405672
2022-03-19 04:00:00,1.7149047412125231
2022-03-19 08:00:00,1.755924945475026
2022-03-19 12:00:00,1.7986463922783014
2022-03-19 16:00:00,1.780214024603499
2022-03-19 20:00:00,1.7845340221153467
2022-03-20 00:00:00,1.7623064979367382
2022-03-20 04:00:00,1.7649553761022672
2022-03-20 08:00:00,1.7296190404053302
2022-03-21 00:00:00,1.7320102345595354
2022-03-21 04:00:00,1.7449606581263677
2022-03-21 08:00:00,1.744691064227216
2022-03-21 12:00:00,1.729496010290112
2022-03-22 00:00:00,1.7620100402983023
2022-03-22 04:00:00,1.772760752409088
2022-03-22 08:00:00,1.7888669758946876
2022-03-22 12:00:00,1.777737277684131
2022-03-22 16:00:00,1.761343334051564
2022-03-22 20:00:00,1.7638453930020352
2022-03-23 00:00:00,1.750848323667927
2022-03-23 04:00:00,1.7536879813495045
2022-03-23 08:00:00,1.7581202994982206
2022-03-23 12:00:00,1.8021943819526418
2022-03-23 16:00:00,1.82750157614531
2022-03-23 20:00:00,1.8665201831717582
2022-03-24 00:00:00,1.9657332502964313
2022-03-24 04:00:00,1.957106979726109
2022-03-24 08:00:00,1.978043966222358
2022-03-24 12:00:00,1.9615917459206602
2022-03-24 16:00:00,1.9622055104543716
2022-03-24 20:00:00,1.9618498315928914
2022-03-25 00:00:00,1.9476196397628323
2022-03-25 04:00:00,1.9395347589131338
2022-03-25 08:00:00,1.9478439435009254
2022-03-25 12:00:00,1.911900620446915
2022-03-25 16:00:00,1.901770369038684
2022-03-26 00:00:00,1.9041783049082177
2022-03-26 04:00:00,1.9192809145512126
2022-03-26 08:00:00,1.9163036487089908
2022-03-26 12:00:00,1.9142083040668736
2022-03-26 16:00:00,1.9353757423415447
2022-03-26 20:00:00,1.9411733678920549
2022-03-27 00:00:00,1.9855316770954707
2022-03-27 04:00:00,1.974623152216806
2022-03-27 08:00:00,1.970182650210013
2022-03-27 12:00:00,1.965494140821025
2022-03-27 16:00:00,1.974702210875976
2022-03-27 20:00:00,2.02358702152
2022-03-28 00:00:00,2.0611481036034376
2022-03-28 04:00:00,2.0634244317492456
2022-03-28 08:00:00,2.0620713013198984
2022-03-28 12:00:00,2.0625402874825345
2022-03-28 16:00:00,2.073267665731844
2022-03-28 20:00:00,1.994934824601432
2022-03-29 00:00:00,2.0092863623234782
2022-03-29 04:00:00,2.014077351944016
2022-03-29 08:00:00,2.0291038336778193
2022-03-29 12:00:00,1.9966765724802829
2022-03-29 16:00:00,2.0099506875255675
2022-03-29 20:00:00,2.0022356401612904
2022-03-30 04:00:00,2.0127504959081874
2022-03-30 08:00:00,2.0077601379474292
2022-03-30 16:00:00,2.012561373385269
2022-03-30 20:00:00,2.010787531292365
2022-03-31 00:00:00,2.0199280201106524
2022-03-31 04:00:00,2.038331256772684
2022-03-31 08:00:00,2.0221115086611787
2022-04-01 16:00:00,2.033348330865494
2022-04-01 20:00:00,2.032071709282277
2022-04-02 00:00:00,2.0454572252552867
2022-04-02 04:00:00,2.050008141553118
2022-04-02 08:00:00,2.0455885446624027
2022-04-03 04:00:00,2.06359955295513
2022-04-03 12:00:00,2.112443072830624
2022-04-03 16:00:00,2.109327090575493
2022-04-03 20:00:00,2.1199099407539395
2022-04-04 00:00:00,2.098306567860246
2022-04-04 04:00:00,2.0915066331452956
2022-04-04 08:00:00,2.2033593206310447
2022-04-04 12:00:00,2.1217178162897956
2022-04-04 16:00:00,2.124756134133427
2022-04-04 20:00:00,2.145076865416027
2022-04-05 00:00:00,2.1538938499617934
2022-04-05 04:00:00,2.1668323782237024
2022-04-05 08:00:00,2.1608026930202806
2022-04-05 12:00:00,2.210257273050645
2022-04-05 16:00:00,2.2323140366982717
2022-04-05 20:00:00,2.256995879211345
2022-04-06 00:00:00,2.2010786019726645
2022-04-06 04:00:00,2.2031317626297002
2022-04-06 08:00:00,2.1738215128389657
2022-04-08 00:00:00,2.1929355576405842
2022-04-08 04:00:00,2.197730736242817
2022-04-10 00:00:00,2.2417394118078255
2022-04-10 04:00:00,2.2324458585363702
2022-04-10 08:00:00,2.2382250144059035
2022-04-10 12:00:00,2.268406416055973
2022-04-10 16:00:00,2.2887694848173576
2022-04-10 20:00:00,2.2255988439479224
2022-04-14 00:00:00,2.233762986502442
2022-04-14 08:00:00,2.277213860749739
2022-04-14 16:00:00,2.2891826564906945
2022-04-14 20:00:00,2.311735437636882
2022-04-15 00:00:00,2.3099286810820496
2022-04-15 04:00:00,2.327424809067109
2022-04-15 08:00:00,2.336466085413088
2022-04-15 12:00:00,2.328229546060014
2022-04-15 16:00:00,2.315001941846403
2022-04-15 20:00:00,2.3170808100959346
2022-04-16 00:00:00,2.3241985952575988
2022-04-16 04:00:00,2.3099214112107114
2022-04-17 04:00:00,2.321455887584616
2022-04-17 08:00:00,2.3180528275657646
2022-04-17 12:00:00,2.3186096786726633
2022-04-19 12:00:00,2.35786255294859
2022-04-19 16:00:00,2.3502507923647857
2022-04-19 20:00:00,2.349742219613618
2022-04-20 00:00:00,2.355363105577664
2022-04-20 04:00:00,2.3719703763171203
2022-04-20 08:00:00,2.3835654261364487
2022-04-25 08:00:00,2.6518787478618626
2022-04-25 12:00:00,2.646502164106772
2022-04-25 16:00:00,2.7869409354770127
2022-04-25 20:00:00,2.771037633645553
2022-04-26 00:00:00,2.7533961808057055
2022-04-26 04:00:00,2.780804250438419
2022-04-26 08:00:00,2.7739940482639405
2022-04-26 12:00:00,2.724398537031968
2022-04-27 04:00:00,2.7398043279511324
2022-04-29 00:00:00,2.7568119843703913
2022-04-29 04:00:00,2.750499080791172
2022-05-04 08:00:00,2.7751441989352728
2022-05-04 16:00:00,2.833225892975893
2022-05-04 20:00:00,2.8567431908617866
2022-05-05 00:00:00,2.872813152719876
2022-05-05 04:00:00,2.8260551830240073
2022-05-05 08:00:00,2.8218650784418995
2022-05-07 12:00:00,2.8714862184844496
2022-05-15 16:00:00,2.8894501090558604
2022-05-15 20:00:00,2.908790163368614
2022-05-17 00:00:00,2.937685299921252
2022-05-17 04:00:00,2.9301291443768904
2022-05-17 16:00:00,2.9351695001009244
2022-05-17 20:00:00,2.9472413581757517
2022-05-20 08:00:00,2.9700304924915364
2022-05-22 08:00:00,2.990230629297396
2022-05-22 20:00:00,3.016838332965146
2022-05-23 00:00:00,3.005176049912925
2022-05-23 04:00:00,3.0700972121855545
2022-05-23 08:00:00,3.062146223964514
2022-05-23 12:00:00,3.0486890343983175
2022-05-27 12:00:00,3.220849252660634
2022-05-27 20:00:00,3.2440465278108284
2022-05-28 00:00:00,3.2495267873388753
2022-05-28 04:00:00,3.2498349403174505
2022-05-28 12:00:00,3.258813740700667
2022-05-28 16:00:00,3.255662131908725
2022-05-28 20:00:00,3.255978735633623
2022-05-29 08:00:00,3.2752806511061885
2022-05-29 12:00:00,3.267080753639078
2022-05-29 16:00:00,3.262053583599714
2022-05-29 20:00:00,3.279576165414763
2022-05-30 00:00:00,3.310599475134315
2022-05-30 04:00:00,3.3342923881662974
2022-05-30 08:00:00,3.3237798706044206
2022-05-30 12:00:00,3.3182185622418015
2022-05-30 16:00:00,3.3175507720380515
2022-05-30 20:00:00,3.3706057402383043
2022-05-31 00:00:00,3.358264061083013
2022-05-31 04:00:00,3.3160870137976275
2022-05-31 08:00:00,3.308828795929434
2022-05-31 12:00:00,3.2843296077995237
2022-05-31 16:00:00,3.2957576930206813
2022-05-31 20:00:00,3.2890937890173566
2022-06-01 00:00:00,3.2736926960859547
2022-06-01 04:00:00,3.267086851906211
2022-06-01 08:00:00,3.3088300961507744
2022-06-04 20:00:00,3.319794389642066
2022-06-05 12:00:00,3.3266542534045738
2022-06-05 16:00:00,3.3230487924031444
2022-06-06 00:00:00,3.40931620872083
2022-06-06 04:00:00,3.4248747420662413
2022-06-06 08:00:00,3.4243526217634357
2022-06-06 12:00:00,3.4004468729903894
2022-06-06 20:00:00,3.419004439042907
2022-06-07 16:00:00,3.453223737939776
2022-06-15 16:00:00,3.528401068479502
2022-06-15 20:00:00,3.595376761175809
2022-06-16 00:00:00,3.556855451055421
2022-06-19 04:00:00,3.634613209703918
2022-06-19 08:00:00,3.661414366012132
2022-06-19 12:00:00,3.682507911593291
2022-06-19 16:00:00,3.7146494825711325
2022-06-19 20:00:00,3.7137009340816993
2022-06-20 00:00:00,3.672370309744318
2022-06-20 04:00:00,3.667853873457669
2022-06-20 08:00:00,3.7159095803907625
2022-06-20 12:00:00,3.70715005525007
2022-06-20 16:00:00,3.6824187874843317
2022-06-20 20:00:00,3.698259071286564
2022-06-21 00:00:00,3.703976459394734
2022-06-21 04:00:00,3.714276517876919
2022-06-21 08:00:00,3.7581861221254065
2022-06-21 12:00:00,3.820071260291698
2022-06-21 16:00:00,3.7813834722686774
2022-06-21 20:00:00,3.788605996173685
2022-06-22 00:00:00,3.7336476064950537
2022-06-22 04:00:00,3.7069641952205346
2022-06-22 08:00:00,3.7367305632173786
2022-06-22 12:00:00,3.727219561834562
2022-06-22 16:00:00,3.7176902377288026
2022-06-22 20:00:00,3.7052386829518507
2022-06-23 00:00:00,3.7272771431899616
2022-06-23 04:00:00,3.7488017117693
2022-06-23 08:00:00,3.745520839741976
2022-06-23 12:00:00,3.7207665399158096
2022-06-23 16:00:00,3.743233824710665
2022-06-23 20:00:00,3.7459658015841533
2022-06-24 00:00:00,3.775405780035839
2022-06-24 04:00:00,3.765790115853722
2022-06-24 08:00:00,3.7931117307576914
2022-06-24 12:00:00,3.785031809904949
2022-06-24 16:00:00,3.8148042954133796
2022-06-24 20:00:00,3.8056246473816953
2022-06-25 00:00:00,3.82684585513997
2022-06-25 04:00:00,3.8435649747342575
2022-06-25 08:00:00,3.819781690531478
2022-06-25 12:00:00,3.7234820663139443
2022-06-25 16:00:00,3.7997816303182645
2022-06-25 20:00:00,3.833940379678857
2022-06-26 00:00:00,3.8111082116357187
2022-06-26 04:00:00,3.900232502445163
2022-06-26 08:00:00,3.981568042611399
2022-06-26 12:00:00,4.0093963024242045
2022-06-26 16:00:00,3.9656355070967892
2022-06-26 20:00:00,3.9655544192892154
2022-06-27 00:00:00,4.021937601089667
2022-06-27 04:00:00,4.072164994714219
2022-06-27 08:00:00,4.059586263221592
2022-06-27 12:00:00,3.9272710351242868
2022-06-27 16:00:00,3.9308877702113825
2022-06-27 20:00:00,3.93300672511176
2022-06-28 04:00:00,3.9606129112357786
2022-06-28 08:00:00,3.9599403556669843
2022-06-29 16:00:00,4.035241908184262
2022-06-29 20:00:00,4.0212826064539335
2022-07-02 08:00:00,4.035290614564329
2022-07-02 12:00:00,4.025216372090755
2022-07-02 16:00:00,4.021522712941519
2022-07-03 16:00:00,4.082002527254288
2022-07-03 20:00:00,4.091822309644048
2022-07-04 00:00:00,4.0575459144094115
2022-07-04 08:00:00,4.174162961486345
2022-07-04 12:00:00,4.181153729920576
2022-07-04 16:00:00,4.165885163799348
2022-07-04 20:00:00,4.243622734703223
2022-07-05 00:00:00,4.247001555655316
2022-07-05 04:00:00,4.2041167150988255
2022-07-05 16:00:00,4.279582385961328
2022-07-06 04:00:00,4.29605368687246
2022-07-06 08:00:00,4.29032008180638
2022-07-06 16:00:00,4.3401679824246715
2022-07-06 20:00:00,4.349153190500968
2022-07-07 00:00:00,4.35610356206086
2022-07-07 04:00:00,4.339510482546152
2022-07-07 08:00:00,4.379928667272292
2022-07-07 12:00:00,4.405966509487152
2022-07-07 16:00:00,4.448747390989462
2022-07-07 20:00:00,4.418330945503792
2022-07-08 00:00:00,4.484565456905654
2022-07-08 04:00:00,4.413189631847551
2022-07-08 08:00:00,4.358859786092949
2022-07-08 12:00:00,4.391588885497364
2022-07-08 16:00:00,4.389239725016368
2022-07-09 00:00:00,4.39839584586927
2022-07-09 04:00:00,4.4251656437993026
2022-07-09 12:00:00,4.443704621142277
2022-07-09 16:00:00,4.453713699192976
2022-07-09 20:00:00,4.435760019272283
2022-07-14 20:00:00,4.457813905674511
2022-07-15 00:00:00,4.457714691686519
2022-07-15 04:00:00,4.482622995203441
2022-07-15 08:00:00,4.479400974602947
2022-07-15 12:00:00,4.471766701942273
2022-07-15 16:00:00,4.497663745303124
2022-07-15 20:00:00,4.459526263783015
2022-07-16 00:00:00,4.440694211402852
2022-07-16 12:00:00,4.490958614191456
2022-07-16 16:00:00,4.51975293080882
2022-07-16 20:00:00,4.536804974569109
2022-07-17 00:00:00,4.532553936394162
2022-07-17 04:00:00,4.5456229929788154
2022-07-17 08:00:00,4.510324058668765
2022-07-17 12:00:00,4.4804153734371
2022-07-17 16:00:00,4.4837293403866205
2022-07-18 00:00:00,4.61236246022531
2022-07-18 04:00:00,4.7010919559199245
2022-07-18 08:00:00,4.719159034968416
2022-07-18 12:00:00,4.806999335385027
2022-07-18 16:00:00,4.667602466554803
2022-07-18 20:00:00,4.755964570593438
2022-07-19 00:00:00,4.689712091325869
2022-07-19 04:00:00,4.6781706858728045
2022-07-19 08:00:00,4.711414994400289
2022-07-19 12:00:00,4.7723148233186965
2022-07-19 16:00:00,4.808166108189215
2022-07-19 20:00:00,4.799229376372972
2022-07-20 00:00:00,4.823042687292303
2022-07-20 04:00:00,5.062339994671177
2022-07-20 08:00:00,5.0026919007832324
2022-07-20 12:00:00,5.012683309323781
2022-07-20 16:00:00,4.935410394418365
2022-07-20 20:00:00,4.906984949990125
2022-07-21 16:00:00,4.9435462875235165
2022-07-21 20:00:00,4.9443504372177545
2022-07-22 00:00:00,4.929412679479541
2022-07-22 04:00:00,4.940261611474335
2022-07-22 08:00:00,4.9708534780622715
2022-07-23 04:00:00,4.989003307293376
2022-07-24 04:00:00,5.020677421208441
2022-07-24 08:00:00,5.014043102894112
2022-07-24 12:00:00,5.020812235306101
2022-07-27 16:00:00,5.144173662660148
2022-07-27 20:00:00,5.208740261009477
2022-07-28 00:00:00,5.185757305803946
2022-07-28 04:00:00,5.176990140948982
2022-07-28 08:00:00,5.187955511185418
2022-07-28 12:00:00,5.241479524171982
2022-07-28 16:00:00,5.3173260583163175
2022-07-28 20:00:00,5.279124120887773
2022-07-29 00:00:00,5.379012690360598
2022-07-29 04:00:00,5.315265213930741
2022-07-29 08:00:00,5.264529243233736
2022-07-29 12:00:00,5.270935967252468
2022-07-29 16:00:00,5.265758289301924
2022-07-29 20:00:00,5.252197639742642
2022-07-30 00:00:00,5.249291836392927
2022-07-30 04:00:00,5.287980963501344
2022-07-30 08:00:00,5.363347502332036
2022-07-30 12:00:00,5.394497715306398
2022-07-30 16:00:00,5.312463132969515
2022-07-30 20:00:00,5.273841057788175
2022-07-31 00:00:00,5.301016998014862
2022-07-31 04:00:00,5.300997656006175
2022-07-31 08:00:00,5.3018814512193755
2022-07-31 12:00:00,5.302769516440493
2022-07-31 16:00:00,5.302279053185461
2022-08-01 00:00:00,5.3827672766540084
2022-08-01 04:00:00,5.357335178137316
2022-08-03 08:00:00,5.399443693279357
2022-08-03 12:00:00,5.397570293305577
2022-08-05 00:00:00,5.4598178517316285
2022-08-05 04:00:00,5.494741169311036
2022-08-05 08:00:00,5.555686293396568
2022-08-05 12:00:00,5.434519703888206
2022-08-05 16:00:00,5.456703638044949
2022-08-05 20:00:00,5.506041687194331
2022-08-06 00:00:00,5.514650537153026
2022-08-06 04:00:00,5.498652835500846
2022-08-06 08:00:00,5.481790879890597
2022-08-06 12:00:00,5.484498707302294
2022-08-06 16:00:00,5.4508052276863985
2022-08-07 08:00:00,5.468512712335996
2022-08-07 12:00:00,5.461519348322364
2022-08-07 16:00:00,5.494095190586853
2022-08-07 20:00:00,5.456046012483827
2022-08-08 00:00:00,5.520039855385512
2022-08-08 04:00:00,5.569877696433581
2022-08-08 08:00:00,5.615330520387264
2022-08-08 12:00:00,5.537887608033438
2022-08-08 16:00:00,5.506781387720397
2022-08-08 20:00:00,5.506774644887641
2022-08-09 00:00:00,5.567227922391653
2022-08-09 04:00:00,5.830767993966598
2022-08-10 12:00:00,5.957927237251613
2022-08-10 16:00:00,5.90652547172624
2022-08-10 20:00:00,5.956362307730734
2022-08-11 00:00:00,5.980644836868008
2022-08-11 04:00:00,5.952673296807531
2022-08-11 08:00:00,5.968764653933885
2022-08-11 12:00:00,5.953322288341793
2022-08-11 16:00:00,5.947351583356918
2022-08-11 20:00:00,5.917573725770773
2022-08-12 00:00:00,5.939127649595742
2022-08-12 04:00:00,5.920283532901296
2022-08-12 12:00:00,5.95644780082676
2022-08-12 16:00:00,5.990765052259268
2022-08-12 20:00:00,6.025600107912922
2022-08-13 00:00:00,6.071966995999859
2022-08-13 04:00:00,6.085786805762008
2022-08-13 08:00:00,6.052697129438401
2022-08-13 12:00:00,6.073196950522916
2022-08-13 16:00:00,6.06154679622519
2022-08-13 20:00:00,6.0378324249106035
2022-08-14 00:00:00,6.136420561200358
2022-08-14 04:00:00,6.400500711242162
2022-08-14 08:00:00,6.474090414453672
2022-08-14 12:00:00,6.691449248444637
2022-08-14 16:00:00,6.626064472230516
2022-08-14 20:00:00,6.718290990917972
2022-08-15 00:00:00,6.637216985284666
2022-08-15 04:00:00,6.3911790732864695
2022-08-15 08:00:00,6.376003782861763
2022-08-15 12:00:00,6.439999602066873
2022-08-15 16:00:00,6.425983953585999
2022-08-15 20:00:00,6.40471777405704
2022-08-16 00:00:00,6.514320069931494
2022-08-16 04:00:00,6.603600885171363
2022-08-16 08:00:00,6.739669863482136
2022-08-16 12:00:00,6.695353116236836
2022-08-16 16:00:00,6.713283045323447
2022-08-16 20:00:00,6.764719399266469
2022-08-17 00:00:00,6.704838589130679
2022-08-17 04:00:00,6.6761503360395515
2022-08-17 08:00:00,6.666336754226701
2022-08-17 12:00:00,6.580762932685613
2022-08-17 16:00:00,6.592985420808422
2022-08-18 04:00:00,6.60195640363329
2022-08-18 12:00:00,6.611561065312972
2022-08-24 12:00:00,6.670328656663946
2022-08-24 16:00:00,6.678761160665685
2022-08-25 04:00:00,6.737442815252309
2022-08-25 08:00:00,6.850402422103107
2022-08-25 16:00:00,6.8848957529392765
2022-08-25 20:00:00,6.883015731736495
2022-08-26 00:00:00,6.881774001763551
2022-08-29 20:00:00,6.943290499576925
2022-08-30 04:00:00,6.9744586851735
2022-08-30 08:00:00,6.961333965577189
2022-09-01 20:00:00,7.0026795341957015
2022-09-02 00:00:00,7.008408338216426
2022-09-02 12:00:00,7.0800715076743455
2022-09-03 12:00:00,7.158077623185957
2022-09-03 16:00:00,7.079774221770309
2022-09-03 20:00:00,7.148646162139628
2022-09-04 00:00:00,7.125647214400557
2022-09-04 08:00:00,7.255906587317719
2022-09-04 12:00:00,7.2408435971158145
2022-09-04 16:00:00,7.237327694731747
2022-09-04 20:00:00,7.224654544967834
2022-09-05 00:00:00,7.208525142871825
2022-09-05 20:00:00,7.288610875438889
2022-09-06 00:00:00,7.3472962672315125
2022-09-06 04:00:00,7.338250935789099
2022-09-06 08:00:00,7.322843886902387
2022-09-06 12:00:00,7.234214460345296
2022-09-08 20:00:00,7.2341425213310275
2022-09-09 00:00:00,7.329870338549487
2022-09-09 04:00:00,7.371073992653435
2022-09-09 08:00:00,7.433028368229099
2022-09-09 12:00:00,7.421078148325064
2022-09-09 16:00:00,7.387231476164657
2022-09-09 20:00:00,7.424747490137823
2022-09-10 00:00:00,7.412098140425486
2022-09-10 04:00:00,7.358044811506557
2022-09-10 08:00:00,7.42368624625453
2022-09-10 12:00:00,7.402839165350592
2022-09-10 16:00:00,7.449787569837654
2022-09-10 20:00:00,7.506157380267812
2022-09-11 00:00:00,7.434347935774806
2022-09-11 04:00:00,7.367130846347783
2022-09-11 08:00:00,7.358909843384064
2022-09-11 12:00:00,7.391853309248835
2022-09-11 16:00:00,7.322270607504605
2022-09-11 20:00:00,7.290806653856686
2022-09-12 04:00:00,7.421700234815025
2022-09-12 08:00:00,7.52409512609315
2022-09-12 16:00:00,7.574399318351934
2022-09-12 20:00:00,7.572498511517474
2022-09-13 04:00:00,7.578891626135693
2022-09-13 08:00:00,7.598206266589597
2022-09-16 20:00:00,7.655041957020274
2022-09-17 00:00:00,7.653876621452608
2022-09-17 04:00:00,7.64714410871571
2022-09-17 08:00:00,7.662889893830739
2022-09-17 12:00:00,7.834863725770257
2022-09-17 16:00:00,7.768895419055925
2022-09-17 20:00:00,7.818067735413495
2022-09-18 00:00:00,7.728373348480827
2022-09-18 04:00:00,7.7241996015794
2022-09-20 12:00:00,7.89503857530046
2022-09-21 00:00:00,7.966561860385627
2022-09-22 08:00:00,8.042246732719212
2022-09-22 12:00:00,8.014943247532711
2022-09-22 16:00:00,8.009765200032254
2022-09-22 20:00:00,8.054151265331726
2022-09-23 00:00:00,8.248776665655237
2022-09-23 04:00:00,8.163687720235039
2022-09-23 08:00:00,8.11543809575696
2022-09-23 12:00:00,8.197792046916721
2022-09-23 16:00:00,8.411306348526395
2022-09-23 20:00:00,8.387053062026729
2022-09-24 00:00:00,8.59200424717354
2022-09-24 04:00:00,8.547515315205056
2022-09-24 08:00:00,8.55853030814704
2022-09-24 12:00:00,8.58792792637449
2022-09-24 16:00:00,8.430932514464622
2022-09-24 20:00:00,8.350102899823575
2022-09-25 00:00:00,8.36543984576016
2022-09-25 04:00:00,8.34254409170728
2022-09-25 08:00:00,8.323806832479919
2022-09-27 00:00:00,8.437246646555222
2022-09-27 04:00:00,8.446352438236428
2022-09-27 08:00:00,8.405910726744944
2022-09-29 20:00:00,8.511195512417835
2022-09-30 04:00:00,8.56478841112433
2022-09-30 12:00:00,8.634434074949413
2022-09-30 20:00:00,8.827380018944213
2022-10-01 00:00:00,8.8143750739432
2022-10-01 04:00:00,8.753995779912177
2022-10-01 08:00:00,8.786333779831237
2022-10-01 12:00:00,8.754665173182572
2022-10-03 20:00:00,8.805916225945923
2022-10-04 00:00:00,8.785043470024535
2022-10-04 04:00:00,8.853182632786845
2022-10-04 08:00:00,8.82549601441142
2022-10-04 12:00:00,8.807031082258474
2022-10-04 16:00:00,9.777602001788475
2022-10-04 20:00:00,9.869141961395924
2022-10-05 00:00:00,9.782578767427717
2022-10-05 04:00:00,9.803160279531857
2022-10-05 08:00:00,9.710928327050542
2022-10-05 12:00:00,9.664963658016177
2022-10-05 16:00:00,9.762914212157952
2022-10-05 20:00:00,9.735125551119745
2022-10-06 00:00:00,9.840699433640163
2022-10-06 04:00:00,9.77851540773988
2022-10-06 08:00:00,9.777176076043931
2022-10-06 12:00:00,9.662698173570565
2022-10-06 16:00:00,9.638158002847394
2022-10-13 20:00:00,9.643665078017829
2022-10-14 00:00:00,9.7484663611984
2022-10-14 04:00:00,9.689397159731428
2022-10-14 08:00:00,9.671275907634067
2022-10-16 16:00:00,9.735509403887107
2022-10-17 04:00:00,9.870269954707094
2022-10-17 08:00:00,9.911873475533335
2022-10-17 12:00:00,9.980659583432729
2022-10-17 16:00:00,9.870661461868208
2022-10-17 20:00:00,9.970385525672215
2022-10-18 00:00:00,9.94112270915457
2022-10-18 04:00:00,9.90793095969568
2022-10-18 20:00:00,10.072636221180112
2022-10-19 00:00:00,10.083734029052973
2022-10-19 04:00:00,9.9672571152471
2022-10-19 16:00:00,10.37975906352448
2022-10-20 04:00:00,10.454708824079132
2022-10-20 08:00:00,10.460817618067454
2022-10-20 12:00:00,10.463876723796151
2022-10-20 16:00:00,10.440723336379419
2022-10-21 20:00:00,10.447958221245994
2022-10-22 00:00:00,10.452359214713242
2022-10-22 08:00:00,10.47156779666575
2022-10-22 12:00:00,10.486297806119655
2022-10-22 16:00:00,10.453996766279035
2022-10-22 20:00:00,10.483724556738036
2022-10-23 00:00:00,10.467527988544516
2022-10-23 16:00:00,10.580275378523591
2022-10-23 20:00:00,10.709250961829566
2022-10-24 00:00:00,10.554458099886316
2022-10-24 08:00:00,10.638035035263641
2022-10-24 16:00:00,10.702371468195171
2022-10-25 00:00:00,10.982958147891129
2022-10-25 04:00:00,10.869781466139903
2022-10-25 08:00:00,10.839095214087962
2022-10-25 12:00:00,11.110336961738286
2022-10-25 16:00:00,11.699946220137472
2022-10-25 20:00:00,11.579644491856794
2022-10-26 00:00:00,11.963989434887493
2022-10-26 04:00:00,11.923215076345015
2022-10-26 08:00:00,12.154967643537406
2022-10-26 12:00:00,12.177995841942973
2022-10-26 16:00:00,12.6838613674996
2022-10-26 20:00:00,12.681976932540193
2022-10-27 00:00:00,12.971205612356327
2022-10-27 04:00:00,13.094834487071392
2022-10-27 08:00:00,12.920158638241078
2022-10-27 12:00:00,13.05226045121538
2022-10-27 16:00:00,13.404274002627366
2022-10-27 20:00:00,13.024787146869947
2022-10-28 00:00:00,12.873887894527124
2022-10-28 04:00:00,12.873685227765659
2022-10-28 08:00:00,13.232281126517321
2022-10-28 12:00:00,13.373762134176964
2022-10-28 16:00:00,13.348485461886684
2022-10-28 20:00:00,13.310610943080171
2022-10-29 00:00:00,13.397566723294215
2022-10-29 04:00:00,13.635631236446466
2022-10-29 08:00:00,13.95660807023935
2022-10-29 12:00:00,14.772839928383561
2022-10-29 16:00:00,14.699482597065897
2022-10-29 20:00:00,14.595751878493068
2022-10-30 00:00:00,14.698160756722668
2022-10-30 04:00:00,14.72846837392447
2022-10-30 08:00:00,14.707958989528873
2022-10-30 12:00:00,14.430589303016394
2022-10-30 16:00:00,14.466759473729736
2022-10-30 20:00:00,14.506734364539666
2022-10-31 00:00:00,14.568363225626454
2022-10-31 04:00:00,14.501236929092341
2022-10-31 08:00:00,14.572501687776652
2022-10-31 12:00:00,14.640149827711014
2022-10-31 16:00:00,14.62333278081833
2022-10-31 20:00:00,14.636721169748192
2022-11-01 00:00:00,14.644022720995054
2022-11-01 04:00:00,14.905481727710962
2022-11-01 08:00:00,14.85877604103704
2022-11-01 12:00:00,14.815699220466424
2022-11-01 16:00:00,14.808399895514482
2022-11-01 20:00:00,14.85371046069475
2022-11-02 00:00:00,14.837238151913267
2022-11-02 04:00:00,14.750141979796698
2022-11-02 08:00:00,14.621192147632383
2022-11-02 12:00:00,14.581375659604317
2022-11-02 16:00:00,14.602873926719226
2022-11-03 00:00:00,14.779669975336562
2022-11-03 04:00:00,14.691926877419931
2022-11-03 08:00:00,14.659645231906753
2022-11-03 12:00:00,14.69315000794617
2022-11-05 04:00:00,15.001592007218989
2022-11-05 08:00:00,14.856546079198674
2022-11-05 16:00:00,14.870843952184872
2022-11-12 08:00:00,15.067694880806977
2022-11-12 12:00:00,15.00298095900023
2022-11-12 16:00:00,14.97141740450271
2022-11-13 00:00:00,15.053836262102221
2022-11-14 04:00:00,15.34327617939303
2022-11-15 04:00:00,15.407567343361263
2022-11-15 12:00:00,15.47830314421111
2022-11-16 00:00:00,15.5416790424748
2022-11-16 04:00:00,15.595849724405726
2022-11-20 00:00:00,15.687499110306858
2022-11-20 04:00:00,15.713041692616276
2022-11-22 12:00:00,16.143286860082377
2022-11-22 20:00:00,16.23154987115911
2022-11-23 00:00:00,16.47589845943919
2022-11-23 04:00:00,16.465306506496642
2022-11-23 08:00:00,16.46591560558764
2022-11-23 12:00:00,16.341606885123245
2022-11-23 16:00:00,16.390905124401893
2022-11-23 20:00:00,16.45496771503773
2022-11-24 00:00:00,16.51744389021944
2022-11-24 04:00:00,16.44718467311208
2022-11-24 08:00:00,16.350156654809087
2022-11-24 12:00:00,16.37472765519745
2022-11-24 16:00:00,16.360528187601552
2022-11-24 20:00:00,16.36920262176235
2022-11-25 00:00:00,16.418136094391024
2022-11-25 04:00:00,16.430332723178843
2022-11-25 08:00:00,17.013967412544876
2022-11-25 12:00:00,17.033730973611977
2022-11-25 16:00:00,17.146584014052113
2022-11-25 20:00:00,17.135179699266878
2022-11-26 00:00:00,17.437198517151558
2022-11-26 04:00:00,17.384386528601702
2022-11-26 08:00:00,17.37729385537162
2022-11-26 12:00:00,17.242285497030345
2022-11-26 16:00:00,17.141278065896586
2022-11-26 20:00:00,17.012671660251552
2022-11-27 00:00:00,17.040139781545136
2022-11-27 04:00:00,17.819996645984933
2022-11-27 08:00:00,18.371868024372166
2022-11-27 12:00:00,18.274622412985572
2022-11-27 16:00:00,18.35230835103296
2022-11-27 20:00:00,17.98149804747054
2022-11-28 00:00:00,17.78009830662853
2022-11-28 04:00:00,17.80026545541857
2022-11-28 08:00:00,17.72437162068727
2022-11-28 16:00:00,17.816382464412214
2022-11-28 20:00:00,17.813785278425073
2022-11-29 00:00:00,18.154463579152175
2022-11-29 04:00:00,18.205313974071604
2022-11-29 08:00:00,18.276861248910595
2022-11-29 12:00:00,18.154453289560706
2022-11-29 16:00:00,18.15691703108738
2022-11-29 20:00:00,18.13591263857682
2022-11-30 00:00:00,18.362693445942764
2022-11-30 04:00:00,18.365793709719792
2022-11-30 08:00:00,18.30363064268114
2022-11-30 12:00:00,18.25531005923399
2022-11-30 16:00:00,18.232588355799315
2022-11-30 20:00:00,18.419631397591818
2022-12-01 00:00:00,18.266654511147397
2022-12-01 04:00:00,18.134845776088987
2022-12-01 08:00:00,18.23233956517055
2022-12-01 12:00:00,18.05188046262233
2022-12-01 16:00:00,18.06908270795871
2022-12-02 20:00:00,18.335301886739494
2022-12-03 00:00:00,18.218411163887318
2022-12-03 12:00:00,18.46128563686113
2022-12-03 16:00:00,18.465486137499624
2022-12-04 00:00:00,18.6702928189533
2022-12-04 04:00:00,18.84655418335857
2022-12-04 08:00:00,18.8084481911008
2022-12-04 12:00:00,18.82821732740328
2022-12-04 16:00:00,18.870517120793835
2022-12-04 20:00:00,18.867699215833397
2022-12-05 00:00:00,18.83634645391482
2022-12-05 04:00:00,18.82969259457819
2022-12-05 08:00:00,19.153261400842446
2022-12-05 12:00:00,18.63990944520132
2022-12-08 16:00:00,18.788027559692498
2022-12-08 20:00:00,18.785822800761643
2022-12-14 12:00:00,18.853429714704983
2022-12-22 08:00:00,19.228456883909065
2022-12-22 16:00:00,19.35523380828731
2022-12-22 20:00:00,19.5099867427889
2022-12-23 00:00:00,19.63154380700326
2022-12-23 04:00:00,19.72147245443462
2022-12-23 08:00:00,19.553055506831857
2022-12-23 12:00:00,19.46783348966259
2022-12-23 16:00:00,19.51649393217502
2022-12-23 20:00:00,19.439269829016354
2022-12-24 00:00:00,19.454482044335755
2022-12-24 04:00:00,19.462313898815694
2022-12-24 08:00:00,19.398372557841746
2022-12-24 12:00:00,19.394839162009387
2022-12-24 16:00:00,19.499046832646037
2022-12-24 20:00:00,19.411237892658303
2022-12-25 00:00:00,19.321852117155284
2022-12-25 04:00:00,19.246678941177983
2022-12-31 08:00:00,19.488271744761057
2022-12-31 12:00:00,19.554794694838325
2022-12-31 16:00:00,19.50460511467393
2023-01-01 16:00:00,19.63760064806681
2023-01-01 20:00:00,19.599876311588485
2023-01-02 04:00:00,20.036886279169877
2023-01-02 08:00:00,20.023090280871624
2023-01-02 12:00:00,20.135134566071383
2023-01-02 16:00:00,20.037796348908774
2023-01-02 20:00:00,19.751133443583182
2023-01-03 00:00:00,19.804774735829866
2023-01-03 04:00:00,19.882634114862316
2023-01-03 08:00:00,19.692345176276735
2023-01-04 00:00:00,20.434806550113443
2023-01-04 04:00:00,20.349674543028424
2023-01-04 08:00:00,20.19011553795622
2023-01-04 12:00:00,20.268452908614492
2023-01-04 16:00:00,20.23808014316183
2023-01-04 20:00:00,20.410667995599372
2023-01-05 00:00:00,20.346579682372983
2023-01-05 04:00:00,20.54844128861849
2023-01-05 08:00:00,20.454164879719766
2023-01-05 12:00:00,20.16657763301309
2023-01-05 16:00:00,20.226825796577668
2023-01-06 16:00:00,20.480082734503718
2023-01-06 20:00:00,20.425859461523835
2023-01-07 00:00:00,20.411182826845994
2023-01-07 04:00:00,20.44998778053007
2023-01-07 12:00:00,20.516510667476442
2023-01-07 16:00:00,20.480720777640965
2023-01-07 20:00:00,20.450736054558575
2023-01-08 12:00:00,20.673855445236082
2023-01-08 20:00:00,21.256245234889686
2023-01-09 00:00:00,21.627984011540054
2023-01-09 04:00:00,21.61485297797212
2023-01-09 08:00:00,22.537140941483035
2023-01-09 12:00:00,22.60028307280334
2023-01-09 16:00:00,22.24203382168039
2023-01-09 20:00:00,21.95744470371094
2023-01-10 00:00:00,21.96943575461291
2023-01-10 04:00:00,21.936396565031416
2023-01-10 08:00:00,22.213495479431746
2023-01-10 12:00:00,22.111243106156724
2023-01-10 16:00:00,22.205125483005485
2023-01-10 20:00:00,22.338250634649185
2023-01-11 00:00:00,22.04178414447374
2023-01-11 04:00:00,22.12997132912897
2023-01-11 08:00:00,22.05984817793697
2023-01-11 16:00:00,22.47322002822556
2023-01-11 20:00:00,22.61177474962302
2023-01-12 00:00:00,22.932849166243138
2023-01-12 04:00:00,22.764145561388144
2023-01-12 08:00:00,22.637490956456674
2023-01-12 12:00:00,22.404695417496118
2023-01-12 16:00:00,22.829395795946475
2023-01-12 20:00:00,22.898252371754513
2023-01-13 00:00:00,22.968564054470995
2023-01-13 04:00:00,22.821849650568804
2023-01-13 08:00:00,22.7641224208142
2023-01-13 12:00:00,22.86179427211093
2023-01-13 16:00:00,22.894153745848904
2023-01-13 20:00:00,23.627485203655556
2023-01-14 00:00:00,24.133195895834167
2023-01-14 04:00:00,24.309661240059715
2023-01-14 08:00:00,23.871131491502894
2023-01-14 12:00:00,23.970083288924013
2023-01-14 16:00:00,23.833073390812817
2023-01-14 20:00:00,23.9904635882611
2023-01-15 00:00:00,23.645392430356193
2023-01-15 04:00:00,23.564881048653827
2023-01-15 08:00:00,23.552136720783672
2023-01-15 12:00:00,23.741586610598933
2023-01-15 16:00:00,23.64454042197024
2023-01-15 20:00:00,23.74967190462961
2023-01-16 00:00:00,23.802182285359404
2023-01-16 04:00:00,23.75681138480019
2023-01-16 16:00:00,23.907732738958437
2023-01-17 04:00:00,23.990564542942533
2023-01-17 08:00:00,24.012872840189033
2023-01-18 00:00:00,24.93545557091048
2023-01-18 04:00:00,24.937660765295025
2023-01-18 08:00:00,24.82719855618198
2023-01-18 12:00:00,24.4931449695829
2023-01-20 16:00:00,24.824770341820432
2023-01-20 20:00:00,25.263082257801496
2023-01-21 00:00:00,25.224733434217427
2023-01-21 04:00:00,25.34193951210722
2023-01-21 08:00:00,25.32983777528277
2023-01-21 12:00:00,25.199998600104514
2023-01-21 16:00:00,25.461724896494616
2023-01-21 20:00:00,24.868914354438818
2023-01-22 00:00:00,24.949764056911587
2023-01-22 04:00:00,25.01021837349609
2023-01-22 08:00:00,25.004657551771672
2023-01-22 12:00:00,25.182548102710594
2023-01-22 16:00:00,25.76134822202288
2023-01-22 20:00:00,25.52796382944522
2023-01-23 00:00:00,25.785811947838333
2023-01-23 04:00:00,25.69437702272489
2023-01-23 08:00:00,25.787554195713756
2023-01-23 12:00:00,25.446295082882042
2023-01-23 16:00:00,25.33007030655546
2023-01-23 20:00:00,25.477588895198995
2023-01-24 00:00:00,25.84790563752885
2023-01-24 04:00:00,25.684233996968175
2023-01-24 08:00:00,25.476637963963064
2023-01-24 12:00:00,25.41242330927229
2023-01-24 16:00:00,25.39601888599272
2023-01-25 20:00:00,25.562128753253734
2023-01-26 00:00:00,25.52124881261464
2023-01-26 16:00:00,25.593108416951143
2023-01-26 20:00:00,25.591961474382682
2023-01-27 16:00:00,25.873433415858642
2023-01-27 20:00:00,25.877761908847354
2023-01-28 00:00:00,25.95584033043557
2023-01-28 04:00:00,26.379225113799876
2023-01-28 08:00:00,26.176458103601462
2023-01-28 12:00:00,25.907651532369766
2023-01-28 16:00:00,25.795433924186664
2023-01-28 20:00:00,25.662395583750552
2023-01-29 00:00:00,25.934722807368377
2023-01-29 04:00:00,25.82283304148647
2023-01-29 08:00:00,26.17072477518802
2023-01-29 12:00:00,26.13036509634
2023-01-29 16:00:00,26.29499573656429
2023-01-29 20:00:00,26.15964736655533
2023-01-30 00:00:00,25.921400280513495
2023-01-30 20:00:00,26.224560004301395
2023-01-31 00:00:00,26.949601005244787
2023-01-31 04:00:00,27.63678314763702
2023-01-31 08:00:00,27.089049170699326
2023-01-31 12:00:00,27.248030802316546
2023-01-31 16:00:00,27.863812090305675
2023-01-31 20:00:00,27.712471922332746
2023-02-01 00:00:00,27.24213585713018
2023-02-01 04:00:00,27.147161168639787
2023-02-01 08:00:00,27.07167004249739
2023-02-01 16:00:00,27.40637204680805
2023-02-01 20:00:00,27.657633895896335
2023-02-02 00:00:00,27.613917481583535
2023-02-02 04:00:00,27.510203286585455
2023-02-02 08:00:00,27.61775095178734
2023-02-02 12:00:00,27.49505667165581
2023-02-02 16:00:00,27.44602393105067
2023-02-03 08:00:00,27.569647905839236
2023-02-03 12:00:00,27.549312607697935
2023-02-03 16:00:00,27.509610968450904
2023-02-03 20:00:00,27.638162062207762
2023-02-04 00:00:00,27.783521321448344
2023-02-04 04:00:00,27.725165464191665
2023-02-04 08:00:00,27.812361344959964
2023-02-04 12:00:00,27.754218815369548
2023-02-04 16:00:00,28.525844352969262
2023-02-04 20:00:00,28.1457882531887
2023-02-05 00:00:00,27.96247329398318
2023-02-05 04:00:00,28.10393332981603
2023-02-05 08:00:00,27.948465827355605
2023-02-07 20:00:00,28.160991619464223
2023-02-08 00:00:00,28.152722503660584
2023-02-08 08:00:00,28.137512221456827
2023-02-12 08:00:00,28.65243412093991
2023-02-12 12:00:00,28.545602184460662
2023-02-12 16:00:00,28.60082692301113
2023-02-13 04:00:00,29.11592454379424
2023-02-14 12:00:00,29.37527129554432
2023-02-14 16:00:00,29.50935446191443
2023-02-14 20:00:00,29.519918150715576
2023-02-15 00:00:00,29.84085987520688
2023-02-15 04:00:00,30.019045881883184
2023-02-15 08:00:00,30.10982278805361
2023-02-15 12:00:00,29.987248006786626
2023-02-15 16:00:00,30.346179311747147
2023-02-15 20:00:00,30.685863424556963
2023-02-16 00:00:00,30.820820833674762
2023-02-16 04:00:00,30.57689608419848
2023-02-16 08:00:00,30.451650811367234
2023-02-16 12:00:00,30.57246706939631
2023-02-16 16:00:00,30.507558993031623
2023-02-17 00:00:00,30.835810370691306
2023-02-17 08:00:00,30.891915067825824
2023-02-17 12:00:00,30.97079589157135
2023-02-17 16:00:00,31.129679514517093
2023-02-17 20:00:00,31.108368917276675
2023-02-18 00:00:00,31.16552042502759
2023-02-18 04:00:00,31.015417899773997
2023-02-18 08:00:00,30.898466600013375
2023-02-18 12:00:00,31.042553814705933
2023-02-18 16:00:00,31.06583012360403
2023-02-18 20:00:00,31.260897434725543
2023-02-19 00:00:00,31.20590456414541
2023-02-19 04:00:00,31.02143084731033
2023-02-19 08:00:00,31.175692606265255
2023-02-19 12:00:00,31.28567503134817
2023-02-20 00:00:00,31.43311038995234
2023-02-20 04:00:00,31.520122682881592
2023-02-20 08:00:00,31.66904022494459
2023-02-20 12:00:00,31.51867314411406
2023-02-20 16:00:00,31.390856184052303
2023-02-20 20:00:00,31.455765224485056
2023-02-21 00:00:00,31.297873304121605
2023-02-21 04:00:00,31.259430331692208
2023-02-28 00:00:00,31.6790040140806
2023-02-28 12:00:00,31.85942955750732
2023-03-01 00:00:00,32.386583807763515
2023-03-01 04:00:00,32.54344615135544
2023-03-01 08:00:00,32.4463839290544
2023-03-01 12:00:00,32.29461627088901
2023-03-01 20:00:00,32.64520092112113
2023-03-12 16:00:00,33.03942694139955
2023-03-12 20:00:00,33.879766831064366
2023-03-13 00:00:00,33.738332312992014
2023-03-13 04:00:00,33.83451122421157
2023-03-13 08:00:00,33.410477575902156
2023-03-13 12:00:00,34.26571076397796
2023-03-13 16:00:00,34.316892079600635
2023-03-13 20:00:00,34.33209140829086
2023-03-14 00:00:00,34.2952342592688
2023-03-14 04:00:00,34.09515184303448
2023-03-14 08:00:00,34.143930120571696
2023-03-14 12:00:00,35.192191726144145
2023-03-14 16:00:00,34.72595897558599
2023-03-14 20:00:00,34.66759224585592
2023-03-15 00:00:00,34.79052665437501
2023-03-15 04:00:00,34.78366740502449
2023-03-15 08:00:00,34.385559847931184
2023-03-16 20:00:00,34.67706038713806
2023-03-17 00:00:00,34.85945503791271
2023-03-17 04:00:00,35.08910673145388
2023-03-17 08:00:00,35.24633917503539
2023-03-17 12:00:00,34.853147174917055
2023-03-17 16:00:00,35.08887171625715
2023-03-17 20:00:00,35.37025238051958
2023-03-18 00:00:00,35.68601895246746
2023-03-18 04:00:00,35.66151967757679
2023-03-18 08:00:00,35.674592463032276
2023-03-18 12:00:00,34.90908589732901
2023-03-18 16:00:00,34.80234705460981
2023-03-19 00:00:00,35.349495044057086
2023-03-19 08:00:00,35.467709308202764
2023-03-19 12:00:00,35.579685055993245
2023-03-19 16:00:00,35.803905280714396
2023-03-19 20:00:00,35.403888046529396
2023-03-20 04:00:00,35.72446980819121
2023-03-21 12:00:00,36.252735050518744
2023-03-21 16:00:00,36.84369544511802
2023-03-21 20:00:00,36.87692701382411
2023-03-22 00:00:00,36.7633439662183
2023-03-22 04:00:00,36.65801346896723
2023-03-22 08:00:00,36.239806084168066
2023-03-22 12:00:00,37.048517550021366
2023-03-23 04:00:00,37.387854197182094
2023-03-23 08:00:00,37.80307752253281
2023-03-23 12:00:00,37.861213763404
2023-03-23 16:00:00,37.673165432564915
2023-03-23 20:00:00,37.71285765451368
2023-03-24 00:00:00,37.54065744466189
2023-03-24 04:00:00,37.522822237694356
2023-03-25 00:00:00,37.737180704252275
2023-03-26 08:00:00,37.86256317094859
2023-03-28 16:00:00,38.27556093085157
2023-03-28 20:00:00,38.26947348332961
2023-03-29 00:00:00,38.30325936689473
2023-03-29 04:00:00,39.633786305944476
2023-03-29 08:00:00,39.45964173118926
2023-03-29 12:00:00,39.31139858495213
2023-03-29 16:00:00,39.37828058175887
2023-03-29 20:00:00,39.12993331955437
2023-03-30 00:00:00,38.803852173942765
2023-03-30 04:00:00,38.952430891364585
2023-03-30 08:00:00,38.79912035669504
2023-03-30 12:00:00,38.59116046860948
2023-03-31 00:00:00,38.81782382288071
2023-03-31 12:00:00,39.41573199140806
2023-03-31 16:00:00,39.904033523284134
2023-03-31 20:00:00,40.08385693607153
2023-04-01 00:00:00,40.47467507986681
2023-04-01 04:00:00,40.06915256403521
2023-04-01 08:00:00,39.579794216582414
2023-04-01 12:00:00,39.858081756195794
2023-04-01 16:00:00,43.436001581634805
2023-04-01 20:00:00,43.34313828808891
2023-04-02 00:00:00,44.10579596179345
2023-04-02 04:00:00,44.05529819755305
2023-04-02 08:00:00,43.40394532640237
2023-04-02 12:00:00,42.40310808162394
2023-04-02 16:00:00,42.434649815844814
2023-04-02 20:00:00,42.41143520367701
2023-04-03 16:00:00,47.17230263061402
2023-04-03 20:00:00,47.07473577531534
2023-04-04 00:00:00,47.13391494345379
2023-04-04 04:00:00,47.264553807923264
2023-04-04 08:00:00,47.40866027124763
2023-04-04 12:00:00,47.07522740321628
2023-04-04 16:00:00,47.09361201295764
2023-04-04 20:00:00,46.94799774649186
2023-04-05 00:00:00,47.2022253031066
2023-04-05 04:00:00,47.07285450272269
2023-04-05 08:00:00,47.15121170039704
2023-04-05 12:00:00,46.938628859422835
2023-04-05 16:00:00,46.73616653176528
2023-04-05 20:00:00,46.673975444812136
2023-04-06 00:00:00,46.63980223548665
2023-04-10 16:00:00,47.12246284436098
2023-04-10 20:00:00,47.56154346319011
2023-04-11 00:00:00,47.426472346042324
2023-04-11 04:00:00,47.85944652330368
2023-04-11 08:00:00,47.80311327692719
2023-04-11 12:00:00,47.453624280867935
2023-04-11 16:00:00,46.895363610348305
2023-04-12 20:00:00,47.41827056377472
2023-04-13 08:00:00,49.36835835783945
2023-04-13 12:00:00,49.67699884910274
2023-04-13 16:00:00,49.567146032984866
2023-04-13 20:00:00,49.62152190839671
2023-04-14 00:00:00,50.83852586660248
2023-04-14 04:00:00,50.54060465254343
2023-04-14 08:00:00,50.76565552289128
2023-04-14 16:00:00,51.61323467390779
2023-04-14 20:00:00,51.63109082030274
2023-04-15 00:00:00,51.48859690902441
2023-04-15 04:00:00,51.73471058130797
2023-04-15 08:00:00,51.87130908602489
2023-04-15 12:00:00,51.52404505218112
2023-04-15 16:00:00,51.48673017142451
2023-04-15 20:00:00,51.509130086079395
2023-04-16 00:00:00,51.5722311034945
2023-04-16 04:00:00,51.86013891765641
2023-04-16 08:00:00,51.39045427193604
2023-04-16 12:00:00,51.537485678859845
2023-04-16 16:00:00,51.79654898914015
2023-04-16 20:00:00,51.8165924310156
2023-04-17 00:00:00,51.38721110750546
2023-04-17 04:00:00,52.6235106356051
2023-04-17 08:00:00,52.62837635512429
2023-04-17 12:00:00,51.59209664680697
2023-04-17 16:00:00,52.1259330243128
2023-04-17 20:00:00,51.94895817314636
2023-04-18 00:00:00,51.857256643366135
2023-04-18 04:00:00,52.44109687700537
2023-04-18 08:00:00,52.646088663066266
2023-04-18 12:00:00,52.66970051560745
2023-04-18 16:00:00,52.42143115062526
2023-04-18 20:00:00,52.74710835746213
2023-04-19 00:00:00,52.41156868845626
2023-04-19 04:00:00,52.247106383689804
2023-04-20 04:00:00,52.7218859189573
2023-04-25 20:00:00,53.5630432520117
2023-04-26 00:00:00,53.57101853125524
2023-04-26 04:00:00,53.62586080972554
2023-04-26 08:00:00,54.84823653641917
2023-04-26 12:00:00,55.46241286476126
2023-04-27 00:00:00,55.90875927819128
2023-04-27 04:00:00,55.829170826824146
2023-04-27 12:00:00,56.00220856801598
2023-04-27 16:00:00,56.07516055606454
2023-04-27 20:00:00,55.9479997882716
2023-04-28 00:00:00,55.83870356936422
2023-04-28 04:00:00,56.02557295889398
2023-04-28 08:00:00,55.77640650914645
2023-04-28 12:00:00,55.73755977459416
2023-04-28 16:00:00,55.76086439113267
2023-04-28 20:00:00,55.83451112226493
2023-04-29 00:00:00,56.001937936472544
2023-04-29 04:00:00,55.9354267139911
2023-04-29 08:00:00,56.04567240219084
2023-04-29 12:00:00,55.958555551260744
2023-04-29 16:00:00,56.22141279906797
2023-04-29 20:00:00,56.12795779842708
2023-04-30 00:00:00,55.869580557018445
2023-04-30 04:00:00,55.899893064604335
2023-04-30 08:00:00,55.491835170040815
2023-04-30 12:00:00,55.884577207183135
2023-05-03 20:00:00,57.965048294475004
2023-05-04 00:00:00,57.757745874302245
2023-05-04 04:00:00,57.52732509634854
2023-05-04 08:00:00,57.14199903115626
2023-05-05 16:00:00,57.9581738273499
2023-05-05 20:00:00,58.672038274462416
2023-05-06 00:00:00,57.50624530767928
2023-05-12 20:00:00,58.257245343038775
2023-05-14 04:00:00,58.33501363160994
2023-05-14 12:00:00,58.70441285264244
2023-05-15 00:00:00,59.26926564474382
2023-05-15 04:00:00,59.53628081249012
2023-05-15 08:00:00,58.8680246338992
2023-05-15 12:00:00,58.9254166355658
2023-05-15 16:00:00,58.552688083183476
2023-05-16 04:00:00,59.091140676660146
2023-05-16 20:00:00,60.2782739588326
2023-05-17 00:00:00,60.81402762763212
2023-05-17 04:00:00,59.86047628929409
2023-05-17 08:00:00,59.88198957433558
2023-05-17 12:00:00,60.511851549750894
2023-05-17 16:00:00,62.58295217682628
2023-05-17 20:00:00,62.32451703826154
2023-05-18 00:00:00,61.97775712732869
2023-05-18 04:00:00,61.391780428717546
2023-05-18 08:00:00,61.81298923851928
2023-05-18 12:00:00,60.81568802099501
2023-05-18 20:00:00,61.650329920596505
2023-05-19 00:00:00,61.64725928975224
2023-05-19 04:00:00,61.69739327888138
2023-05-19 08:00:00,61.3886455472344
2023-05-19 12:00:00,61.54664412174118
2023-05-19 16:00:00,61.42617031918486
2023-05-19 20:00:00,61.30539961564707
2023-05-20 00:00:00,61.130829044290046
2023-05-20 12:00:00,61.23271575463565
2023-05-20 16:00:00,61.36671427213768
2023-05-20 20:00:00,61.29463954380617
2023-05-21 00:00:00,61.37085802215416
2023-05-21 04:00:00,61.111924275490374
2023-05-22 08:00:00,63.94818649099031
2023-05-22 16:00:00,64.0511885203134
2023-05-22 20:00:00,63.85991205773386
2023-05-23 00:00:00,64.95022100648578
2023-05-23 04:00:00,64.2127130209824
2023-05-23 08:00:00,63.93113072482993
2023-05-27 00:00:00,64.4452730720191
2023-05-27 04:00:00,64.47106601450203
2023-05-27 08:00:00,64.10685537046946
2023-05-27 12:00:00,63.88027265867051
2023-05-27 16:00:00,64.43829677345175
2023-05-27 20:00:00,66.23471235609136
2023-05-28 00:00:00,66.67594348776485
2023-05-28 04:00:00,66.35707521739018
2023-05-28 08:00:00,65.69396996462822
2023-05-28 12:00:00,65.76422063605834
2023-05-28 16:00:00,66.04101182189456
2023-05-28 20:00:00,67.27048119787744
2023-05-29 00:00:00,66.48994521086821
2023-05-29 04:00:00,66.3411844192251
2023-05-29 08:00:00,66.35486032089901
2023-05-29 12:00:00,65.38141982843608
2023-05-29 16:00:00,65.66405814960206
2023-05-29 20:00:00,65.58119755469373
2023-05-30 00:00:00,65.57509133398513
2023-05-30 08:00:00,66.93898759655065
2023-06-02 00:00:00,67.66472487654555
2023-06-02 04:00:00,67.69159111884834
2023-06-02 08:00:00,67.7033691409965
2023-06-02 12:00:00,67.75960976067279
2023-06-02 16:00:00,68.7558030052413
2023-06-02 20:00:00,68.0082385595387
2023-06-03 00:00:00,67.57825681969976
2023-06-03 04:00:00,67.72102638638029
2023-06-03 08:00:00,67.53314327884365
2023-06-03 12:00:00,67.91360781488483
2023-06-03 16:00:00,66.78992920483732
2023-06-03 20:00:00,67.34775821016852
2023-06-04 00:00:00,66.94754432651384
2023-06-04 04:00:00,67.36507782852598
2023-06-04 08:00:00,67.25439669836906
2023-06-04 12:00:00,66.68219405894543
2023-06-04 16:00:00,66.9541889852835
2023-06-06 16:00:00,68.76552273918841
2023-06-06 20:00:00,68.26146259911405
2023-06-09 12:00:00,68.89827421480308
2023-06-09 20:00:00,69.6890409841384
2023-06-15 16:00:00,70.33490495587009
2023-06-15 20:00:00,70.18148164122148
2023-06-16 00:00:00,70.3963589735154
2023-06-16 04:00:00,70.2274388702427
2023-06-16 12:00:00,70.64523631898396
2023-06-16 16:00:00,71.23819861249866
2023-06-16 20:00:00,71.03227112084856
2023-06-17 00:00:00,70.53351873056543
2023-06-17 04:00:00,71.4292472326144
2023-06-17 08:00:00,71.20112492965484
2023-06-17 12:00:00,70.71648703044583
2023-06-17 16:00:00,70.50460987234544
2023-06-17 20:00:00,70.50111147978336
2023-06-18 08:00:00,71.17189216710696
2023-06-18 12:00:00,72.58344398354376
2023-06-18 16:00:00,72.10180791751011
2023-06-18 20:00:00,70.63712268550212
2023-06-19 16:00:00,71.22327025578763
2023-06-19 20:00:00,71.42263194603582
2023-06-20 00:00:00,70.97962061306951
2023-06-20 16:00:00,73.35235986298207
2023-06-20 20:00:00,74.32980560138216
2023-06-21 00:00:00,75.71951954552286
2023-06-21 04:00:00,76.31943255543987
2023-06-21 08:00:00,75.73001675775464
2023-06-21 12:00:00,76.84204991009804
2023-06-21 16:00:00,78.15805271546145
2023-06-21 20:00:00,77.74416090422956
2023-06-22 00:00:00,82.01892739528984
2023-06-22 04:00:00,81.80458659773565
2023-06-22 08:00:00,79.11952927060757
2023-06-22 12:00:00,79.28054249557638
2023-06-22 16:00:00,79.49611440728849
2023-06-22 20:00:00,78.74940983422805
2023-06-23 00:00:00,79.22793283811038
2023-06-23 04:00:00,79.39791798137557
2023-06-23 08:00:00,79.13481301723535
2023-06-23 12:00:00,80.29889931222954
2023-06-23 16:00:00,80.59671381835325
2023-06-23 20:00:00,80.46774001020472
2023-06-24 00:00:00,80.25545950188238
2023-06-24 04:00:00,79.89913789853622
2023-06-24 08:00:00,80.04895843232406
2023-06-24 16:00:00,80.62284190371481
2023-06-24 20:00:00,80.55627661101026
2023-06-25 00:00:00,81.12574583576684
2023-06-25 04:00:00,81.15501688135026
2023-06-25 08:00:00,81.1427658717062
2023-06-25 12:00:00,80.43499410002025
2023-06-25 16:00:00,80.45416222498712
2023-06-30 00:00:00,82.35718578840357
2023-06-30 04:00:00,82.27009918125712
2023-06-30 08:00:00,83.09504945487728
2023-06-30 16:00:00,84.5419377099877
2023-06-30 20:00:00,84.89022786383384
2023-07-01 00:00:00,87.12966879134802
2023-07-01 04:00:00,86.1312891893847
2023-07-01 08:00:00,85.83846597939056
2023-07-01 12:00:00,85.83987536613543
2023-07-01 16:00:00,86.0595260133348
2023-07-01 20:00:00,86.23456648501879
2023-07-02 00:00:00,85.16228011414744
2023-07-02 04:00:00,85.40131719929484
2023-07-02 08:00:00,85.38958232856432
2023-07-02 12:00:00,85.0930200621381
2023-07-02 16:00:00,85.74034749338819
2023-07-02 20:00:00,85.70814110521957
2023-07-03 00:00:00,85.84490668055186
2023-07-03 04:00:00,85.70388688297102
2023-07-03 08:00:00,85.52932456343461
2023-07-03 12:00:00,85.65962938211162
2023-07-03 16:00:00,85.83949766744918
2023-07-03 20:00:00,85.73929118373529
2023-07-04 00:00:00,86.07151709851034
2023-07-04 04:00:00,85.23684172790159
2023-07-04 08:00:00,85.45843970884658
2023-07-04 12:00:00,87.92931952690341
2023-07-04 16:00:00,85.94124442716969
2023-07-04 20:00:00,86.00701471289169
2023-07-05 00:00:00,86.17987240897013
2023-07-05 04:00:00,85.8361089042541
2023-07-06 04:00:00,86.32607072502573
2023-07-09 00:00:00,87.10290102773591
2023-07-09 08:00:00,87.50082991915082
2023-07-10 16:00:00,90.09268522603853
2023-07-11 20:00:00,91.18805581156668
2023-07-12 04:00:00,91.49407059268937
2023-07-12 08:00:00,91.24227790805267
2023-07-13 08:00:00,92.19313175919922
2023-07-13 12:00:00,96.31904392857881
2023-07-13 16:00:00,100.10786065894885
2023-07-13 20:00:00,100.37775941273983
2023-07-14 00:00:00,100.82713337845948
2023-07-14 04:00:00,99.85984446461674
2023-07-14 08:00:00,99.82545935789447
2023-07-14 12:00:00,102.6070348631591
2023-07-14 16:00:00,97.80688976797391
2023-07-14 20:00:00,98.13351120404326
2023-07-15 00:00:00,97.73007668297765
2023-07-15 04:00:00,101.05838277842582
2023-07-15 08:00:00,101.43886000251082
2023-07-15 12:00:00,100.85515350236584
2023-07-15 16:00:00,100.56013844155824
2023-07-15 20:00:00,100.30592968333644
2023-07-16 00:00:00,99.59488294818861
2023-07-16 04:00:00,99.7060891909304
2023-07-16 08:00:00,99.78669518158375
2023-07-16 12:00:00,99.76577740570835
2023-07-17 00:00:00,100.21574151051976
2023-07-17 04:00:00,100.51618729321874
2023-07-19 00:00:00,101.51993922140382
2023-07-19 12:00:00,104.03732149312677
2023-07-19 16:00:00,103.4824917137792
2023-07-19 20:00:00,102.49659942737031
2023-07-20 00:00:00,102.68787643981514
2023-07-20 04:00:00,103.09857051568353
2023-07-20 08:00:00,104.89216781549494
2023-07-20 12:00:00,102.94918922786093
2023-07-20 20:00:00,103.62110157359692
2023-07-21 00:00:00,104.75659078771302
2023-07-21 04:00:00,104.24428180320966
2023-07-21 08:00:00,104.99826880951277
2023-07-21 12:00:00,106.99663495073392
2023-07-21 16:00:00,105.61091249882678
2023-07-21 20:00:00,106.03079512821432
2023-07-22 00:00:00,105.25308140063484
2023-07-22 04:00:00,105.21057001805082
2023-07-22 08:00:00,104.17178530758058
2023-07-22 12:00:00,104.17017364475295
2023-07-23 04:00:00,105.11179038650543
2023-07-23 08:00:00,105.10974599262978
2023-07-23 12:00:00,105.17405924177581
2023-07-23 16:00:00,105.00524188215324
2023-07-23 20:00:00,104.76222967812315
2023-07-24 04:00:00,112.42598552148797
2023-07-24 08:00:00,112.00329326691688
2023-07-24 12:00:00,110.56068119763546
2023-07-24 16:00:00,111.1350016281397
2023-07-24 20:00:00,110.45257458926416
2023-07-25 00:00:00,112.29663009538905
2023-07-25 04:00:00,112.15313147255833
2023-07-25 08:00:00,112.71556570895488
2023-07-25 12:00:00,112.35381039280637
2023-07-25 16:00:00,115.28455684155469
2023-07-25 20:00:00,115.24950918765867
2023-07-26 00:00:00,114.30342891713309
2023-07-26 04:00:00,114.30885742867973
2023-07-26 08:00:00,113.38687426070881
2023-07-26 12:00:00,113.31502980854937
2023-07-26 16:00:00,113.19283913225975
2023-07-26 20:00:00,112.75721657499895
2023-07-27 00:00:00,112.81401615149292
2023-07-27 04:00:00,113.13149379213525
2023-07-27 08:00:00,113.5463566280129
2023-07-27 12:00:00,113.00969608916199
2023-07-29 00:00:00,113.48180853021562
2023-07-29 04:00:00,113.42438618808639
2023-07-29 08:00:00,113.3366654444499
2023-07-29 12:00:00,113.47328178058679
2023-07-29 16:00:00,118.13273281331335
2023-07-29 20:00:00,117.18526618840515
2023-07-30 00:00:00,117.0702216549994
2023-07-30 04:00:00,116.52150521959476
2023-07-30 08:00:00,116.68970764619395
2023-07-30 12:00:00,115.5136685959094
2023-07-31 00:00:00,116.37026685771103
2023-07-31 04:00:00,116.08254448013258
2023-07-31 08:00:00,117.26644465827442
2023-08-01 20:00:00,118.09611504897818
2023-08-05 04:00:00,120.85731238697858
2023-08-05 08:00:00,121.2920739424436
2023-08-05 12:00:00,120.17300990282638
2023-08-05 16:00:00,121.36221855319282
2023-08-05 20:00:00,120.71664085876782
2023-08-06 00:00:00,120.98931784418642
2023-08-06 04:00:00,119.56467705211682
2023-08-07 00:00:00,121.05973331120396
2023-08-08 12:00:00,121.90510774922758
2023-08-08 16:00:00,122.07641836410482
2023-08-08 20:00:00,122.50171658904975
2023-08-09 00:00:00,121.80856113068779
2023-08-09 04:00:00,123.8954419259692
2023-08-09 08:00:00,123.20468407136028
2023-08-09 12:00:00,122.21215062881632
2023-08-09 20:00:00,123.73627542103355
2023-08-10 00:00:00,124.8404599685131
2023-08-10 04:00:00,123.35723512502503
2023-08-10 08:00:00,122.59406475221003
2023-08-10 12:00:00,125.15740686790433
2023-08-10 16:00:00,124.01900126122536
2023-08-10 20:00:00,124.00513169031709
2023-08-11 00:00:00,122.82840198437836
2023-08-11 04:00:00,122.96931513612887
2023-08-11 08:00:00,123.10980381903791
2023-08-11 12:00:00,122.13628753716904
2023-08-11 16:00:00,121.73553111975434
2023-08-11 20:00:00,122.45470647310653
2023-08-12 00:00:00,123.15920397685743
2023-08-12 04:00:00,123.72529841091134
2023-08-12 08:00:00,124.97952030951072
2023-08-12 12:00:00,124.17738014172471
2023-08-12 16:00:00,124.10223376777981
2023-08-12 20:00:00,123.77086684600268
2023-08-13 00:00:00,122.73708165632065
2023-08-13 04:00:00,122.42593034430392
2023-08-13 16:00:00,123.14056859338878
2023-08-23 04:00:00,126.20954772974197
2023-08-23 08:00:00,124.95855790207406
2023-08-23 12:00:00,125.78239240007245
2023-08-23 16:00:00,126.37750260509385
2023-08-23 20:00:00,125.44508408544604
2023-08-24 00:00:00,125.53444170935563
2023-08-24 04:00:00,125.15962779844894
2023-08-25 20:00:00,126.05412608101676
2023-08-26 00:00:00,126.09378618137578
2023-08-26 04:00:00,125.98914360311146
2023-08-27 04:00:00,127.59687785142354
2023-08-27 08:00:00,126.72638454647169
2023-08-27 12:00:00,126.75175499542546
2023-08-27 16:00:00,125.96038600901375
2023-08-27 20:00:00,126.13742582448577
2023-08-28 12:00:00,129.83017085884174
2023-08-28 16:00:00,129.1468833502636
2023-08-28 20:00:00,130.09322138422093
2023-08-29 00:00:00,129.01125025687082
2023-08-29 12:00:00,147.34300367909967
2023-08-29 16:00:00,147.30545472648072
2023-08-29 20:00:00,146.4262692307319
2023-08-30 00:00:00,145.18143587189905
2023-08-30 04:00:00,145.09213028887532
2023-08-30 08:00:00,144.55332616334053
2023-08-30 12:00:00,144.03007274352666
2023-08-30 16:00:00,144.4573852173532
2023-08-30 20:00:00,145.15290859375472
2023-08-31 00:00:00,144.51349600057915
2023-08-31 04:00:00,145.9064517766191
2023-08-31 08:00:00,145.98894611670622
2023-08-31 12:00:00,144.06784583621763
2023-09-05 04:00:00,148.5599365604972
2023-09-05 08:00:00,148.08809209156254
2023-09-05 12:00:00,147.46313235312908
2023-09-05 16:00:00,145.89810878326182
2023-09-05 20:00:00,146.834066206376
2023-09-06 00:00:00,147.32214064726668
2023-09-06 04:00:00,145.31389033188614
2023-09-06 08:00:00,144.76048082231202
2023-09-06 20:00:00,146.502961434075
2023-09-07 00:00:00,146.87001731522875
2023-09-07 20:00:00,149.0411899660981
2023-09-08 00:00:00,149.19633595998886
2023-09-08 04:00:00,148.6597385443979
2023-09-08 20:00:00,150.56466426075465
2023-09-09 00:00:00,149.8084063943865
2023-09-09 04:00:00,148.96640312413044
2023-09-09 08:00:00,149.57852227898852
2023-09-09 12:00:00,148.81544511778895
2023-09-12 08:00:00,150.54465354596783
2023-09-14 04:00:00,150.64220091787232
2023-09-14 08:00:00,150.89060966493156
2023-09-14 12:00:00,151.28884071245042
2023-09-14 16:00:00,152.38555451384977
2023-09-14 20:00:00,151.5835287197991
2023-09-15 00:00:00,151.54385509217798
2023-09-15 04:00:00,150.39771059064577
2023-09-15 08:00:00,149.51617616029162
2023-09-15 12:00:00,150.1064930269235
2023-09-15 16:00:00,150.1971586733687
2023-09-15 20:00:00,153.141726142766
2023-09-16 00:00:00,152.27531152712223
2023-09-16 04:00:00,151.26486321934152
2023-09-16 08:00:00,151.12715295307083
2023-09-16 12:00:00,149.52638028049196
2023-09-16 16:00:00,148.04834446962957
2023-09-16 20:00:00,148.7470080002657
2023-09-17 00:00:00,147.19160351826443
2023-09-17 04:00:00,148.28334799385954
2023-09-17 08:00:00,148.20346213007963
2023-09-18 08:00:00,152.04200261968367
2023-09-18 12:00:00,151.31177220985234
2023-09-18 20:00:00,151.5653688934436
2023-09-19 00:00:00,152.83158887879125
2023-09-19 04:00:00,151.9374646753251
2023-09-19 08:00:00,153.87215193331195
2023-09-19 12:00:00,156.8642574684547
2023-09-19 16:00:00,153.67106131258694
2023-09-19 20:00:00,153.7493169323898
2023-09-20 00:00:00,152.15050151324618
2023-09-20 04:00:00,151.6495125943825
2023-09-20 12:00:00,152.22070719326186
2023-09-20 20:00:00,153.9617040623648
2023-09-21 00:00:00,154.87091233330696
2023-09-21 04:00:00,153.15400410004742
2023-09-27 08:00:00,157.9261402737565
2023-09-28 08:00:00,158.46474563405647
2023-09-28 12:00:00,160.96751217045497
2023-09-28 16:00:00,160.55302611233228
2023-09-28 20:00:00,160.49315659280035
2023-09-29 00:00:00,160.21335413626983
2023-09-29 04:00:00,162.9849507034757
2023-09-29 08:00:00,160.44786551896226
2023-09-29 12:00:00,161.2967372984371
2023-09-29 16:00:00,161.57504140664074
2023-09-29 20:00:00,161.90077442984358
2023-09-30 00:00:00,160.3584137098447
2023-09-30 04:00:00,159.48193491510435
2023-09-30 08:00:00,159.1864426238193
2023-09-30 12:00:00,160.13810359828432
2023-09-30 16:00:00,161.43840606089893
2023-09-30 20:00:00,159.61177864766518
2023-10-01 00:00:00,159.16804754469996
2023-10-01 04:00:00,159.34174780070393
2023-10-01 08:00:00,162.6508984170015
2023-10-01 12:00:00,161.00978770824332
2023-10-01 16:00:00,157.60476181215714
2023-10-01 20:00:00,163.44179344778786
2023-10-02 00:00:00,164.57362617983603
2023-10-02 04:00:00,164.23447718628267
2023-10-02 08:00:00,164.38197091213098
2023-10-02 12:00:00,160.3776908451278
2023-10-06 12:00:00,161.03876577288855
2023-10-06 16:00:00,160.62867219948177
2023-10-06 20:00:00,160.82094699995295
2023-10-07 00:00:00,161.57795928027647
2023-10-07 04:00:00,159.89360540609485
2023-10-07 08:00:00,159.47374598359153
2023-10-07 12:00:00,158.7629476472159
2023-10-07 20:00:00,161.18232506089544
2023-10-08 00:00:00,161.77916734703308
2023-10-14 00:00:00,162.74283701375023
2023-10-14 08:00:00,164.709616402952
2023-10-14 12:00:00,167.81487326561802
2023-10-14 16:00:00,167.8659376278899
2023-10-14 20:00:00,168.8934918529623
2023-10-15 00:00:00,166.1899865530332
2023-10-15 04:00:00,165.1110105080015
2023-10-15 08:00:00,164.01320732906632
2023-10-15 12:00:00,164.5578191667394
2023-10-15 16:00:00,164.92111029477525
2023-10-15 20:00:00,163.56884931681057
2023-10-16 00:00:00,163.82132023229497
2023-10-16 04:00:00,167.23732782492087
2023-10-16 08:00:00,165.90392432820516
2023-10-16 12:00:00,164.82885345508058
2023-10-16 16:00:00,166.28022118798498
2023-10-16 20:00:00,165.76003088830143
2023-10-17 00:00:00,165.11402493900917
2023-10-17 04:00:00,164.4592118039555
2023-10-17 08:00:00,163.9815201946559
2023-10-19 20:00:00,165.02529658805793
2023-10-20 00:00:00,168.93961034568926
2023-10-20 04:00:00,167.9138886198778
2023-10-20 08:00:00,170.0376222611229
2023-10-20 12:00:00,170.4637016905713
2023-10-20 16:00:00,171.97620597805565
2023-10-20 20:00:00,169.86351260306384
2023-10-21 00:00:00,168.56273985883826
2023-10-21 04:00:00,172.83382203690883
2023-10-21 08:00:00,172.40411443338863
2023-10-21 12:00:00,176.96848833060645
2023-10-21 16:00:00,175.5576907279765
2023-10-21 20:00:00,176.0889343292176
2023-10-22 00:00:00,176.13721662320935
2023-10-22 04:00:00,172.7925399867489
2023-10-22 08:00:00,172.19263345026636
2023-10-22 12:00:00,172.34596858915413
2023-10-22 16:00:00,172.49929911382375
2023-10-22 20:00:00,176.71940377166524
2023-10-23 00:00:00,180.8739728210235
2023-10-23 04:00:00,180.1201703149675
2023-10-23 08:00:00,190.1244366587784
2023-10-23 12:00:00,187.81842423456692
2023-10-23 16:00:00,188.3304967410781
2023-10-23 20:00:00,196.44343436338403
2023-10-24 00:00:00,196.65466761446405
2023-10-24 04:00:00,194.33228348122876
2023-10-24 08:00:00,196.9182709987524
2023-10-24 12:00:00,192.52632563861005
2023-10-24 16:00:00,193.9627447783582
2023-10-24 20:00:00,193.8016844862905
2023-10-25 00:00:00,192.55020737908822
2023-10-25 04:00:00,191.31122735315063
2023-10-25 08:00:00,191.64610762754236
2023-10-25 12:00:00,195.26908360071616
2023-10-25 16:00:00,195.5457132528508
2023-10-25 20:00:00,195.83734142564384
2023-10-26 00:00:00,200.36504911563532
2023-10-26 04:00:00,201.85027029462685
2023-10-26 08:00:00,203.59764448491367
2023-10-26 12:00:00,199.05065464056435
2023-10-26 16:00:00,200.00841953901633
2023-10-26 20:00:00,200.32297245639978
2023-10-27 00:00:00,199.9136683854948
2023-10-27 04:00:00,197.95840317708365
2023-10-27 08:00:00,199.8002676245333
2023-10-27 12:00:00,198.27775894629906
2023-10-28 08:00:00,198.7135136261856
2023-10-28 12:00:00,198.41428507450672
2023-10-28 20:00:00,199.14596062847573
2023-10-29 08:00:00,199.62957700242504
2023-10-29 12:00:00,200.4102913981895
2023-10-29 16:00:00,200.27297857825246
2023-10-29 20:00:00,199.98487793350878
2023-10-30 08:00:00,202.0697111873506
2023-10-30 12:00:00,202.44169692643257
2023-10-30 16:00:00,201.37108538104735
2023-10-30 20:00:00,201.7014460706222
2023-10-31 08:00:00,208.23238410414652
2023-11-01 16:00:00,213.10485869914191
2023-11-01 20:00:00,214.1751208146308
2023-11-02 00:00:00,215.21803770651456
2023-11-02 04:00:00,215.4763056218108
2023-11-02 08:00:00,214.7448402967233
2023-11-03 20:00:00,215.5476279954183
2023-11-04 00:00:00,216.93255641723178
2023-11-04 04:00:00,216.8848092238168
2023-11-04 08:00:00,216.53112341435568
2023-11-04 12:00:00,215.32906693175565
2023-11-04 16:00:00,215.14833464277868
2023-11-04 20:00:00,217.08186898434494
2023-11-05 00:00:00,219.04045768880817
2023-11-05 04:00:00,217.8307887432394
2023-11-05 08:00:00,220.91617867877602
2023-11-05 12:00:00,218.43760183408142
2023-11-05 16:00:00,221.02374591786568
2023-11-05 20:00:00,221.60272673504522
2023-11-06 00:00:00,223.92201425885403
2023-11-06 04:00:00,221.96579270932878
2023-11-06 08:00:00,226.70461003567368
2023-11-06 12:00:00,231.10927658856707
2023-11-06 16:00:00,238.75994326707797
2023-11-06 20:00:00,239.6621367741802
2023-11-07 00:00:00,233.85097504885331
2023-11-07 04:00:00,235.894639708535
2023-11-07 08:00:00,230.54611778081284
2023-11-07 12:00:00,227.47744290221218
2023-11-07 16:00:00,230.7584575583196
2023-11-07 20:00:00,229.64543875295175
2023-11-08 00:00:00,230.03385868470494
2023-11-08 04:00:00,229.96373489976972
2023-11-08 08:00:00,231.33633462420465
2023-11-08 12:00:00,230.36319059165132
2023-11-08 16:00:00,233.1707321951036
2023-11-08 20:00:00,232.81099896044444
2023-11-09 00:00:00,234.49014913377258
2023-11-09 04:00:00,233.4108796575065
2023-11-09 08:00:00,233.2746522986649
2023-11-09 12:00:00,232.86781803866882
2023-11-10 04:00:00,233.79641115992877
2023-11-10 08:00:00,234.0611641719238
2023-11-10 16:00:00,235.08492944512906
2023-11-10 20:00:00,237.46403420901726
2023-11-11 00:00:00,236.9589454048829
2023-11-11 04:00:00,242.6090279846336
2023-11-11 08:00:00,244.52496556965318
2023-11-11 12:00:00,244.8263134689058
2023-11-11 16:00:00,245.05166017064514
2023-11-11 20:00:00,242.15986234026852
2023-11-12 00:00:00,241.20831010223205
2023-11-12 04:00:00,243.31110245872475
2023-11-12 08:00:00,242.74707015360178
2023-11-12 12:00:00,241.71429112839834
2023-11-12 16:00:00,241.01689575710955
2023-11-12 20:00:00,240.7139500907595
2023-11-13 04:00:00,241.99051901527272
2023-11-15 16:00:00,243.86324194362774
2023-11-15 20:00:00,245.85909011824813
2023-11-16 00:00:00,246.96952903161855
2023-11-16 04:00:00,252.60761879725843
2023-11-16 08:00:00,255.40032163564936
2023-11-16 12:00:00,247.23581499907812
2023-11-16 16:00:00,251.46211664275305
2023-11-16 20:00:00,251.10969677905857
2023-11-17 00:00:00,253.1436892398625
2023-11-17 04:00:00,255.46196270352402
2023-11-17 08:00:00,257.1349570711258
2023-11-17 12:00:00,251.34601131128161
2023-11-17 16:00:00,254.96915723320015
2023-11-17 20:00:00,259.2537996341211
2023-11-18 00:00:00,257.13756411857923
2023-11-18 04:00:00,255.61257115794302
2023-11-18 08:00:00,256.9637859611076
2023-11-18 12:00:00,252.25277518091355
2023-11-18 16:00:00,252.62413545685158
2023-11-19 16:00:00,254.97329845907726
2023-11-19 20:00:00,254.8576853816533
2023-11-20 04:00:00,256.18776475170057
2023-11-20 08:00:00,256.9416411928997
2023-11-20 12:00:00,255.22008890325617
2023-11-23 20:00:00,256.07439038218087
2023-11-24 00:00:00,257.79494840473575
2023-11-24 04:00:00,258.9874323919632
2023-11-24 08:00:00,258.0540098748643
2023-11-24 12:00:00,259.01926270678507
2023-11-24 16:00:00,257.6476844478462
2023-11-24 20:00:00,259.27060950137695
2023-11-25 00:00:00,261.0346054349586
2023-11-25 04:00:00,260.4611747279291
2023-11-25 08:00:00,257.2293272669831
2023-11-25 12:00:00,258.6446939197386
2023-11-25 16:00:00,259.29637134503554
2023-11-25 20:00:00,260.3113535082515
2023-11-26 00:00:00,257.47929611164665
2023-11-26 04:00:00,256.76014315580613
2023-11-26 20:00:00,263.6641031939143
2023-11-27 00:00:00,261.7301572502287
2023-11-27 04:00:00,271.7764733432255
2023-11-27 08:00:00,266.56640109738726
2023-11-27 20:00:00,269.9271965837403
2023-11-28 08:00:00,271.5419735440355
2023-11-28 12:00:00,276.245239623416
2023-11-28 16:00:00,276.7544791819049
2023-11-28 20:00:00,277.8139367781977
2023-11-29 00:00:00,277.08329291800163
2023-11-29 04:00:00,277.69117828150576
2023-11-29 08:00:00,278.53077531114235
2023-11-29 12:00:00,275.6695773311972
2023-11-29 16:00:00,278.0769024823959
2023-11-29 20:00:00,275.8267664814306
2023-11-30 00:00:00,277.86012072116216
2023-11-30 04:00:00,278.07820480447674
2023-11-30 08:00:00,278.23562479334896
2023-11-30 12:00:00,279.4346507565203
2023-11-30 16:00:00,283.74178746392016
2023-11-30 20:00:00,281.6897723877146
2023-12-01 00:00:00,283.418823203692
2023-12-01 04:00:00,283.68454860189064
2023-12-01 08:00:00,282.05479385205996
2023-12-01 12:00:00,278.97269851798075
2023-12-01 16:00:00,280.2484537030585
2023-12-01 20:00:00,281.33175343662265
2023-12-02 00:00:00,282.46008578524487
2023-12-02 04:00:00,280.42853521937724
2023-12-02 08:00:00,280.41419426963057
2023-12-02 12:00:00,281.9101714969926
2023-12-02 16:00:00,287.092011119181
2023-12-02 20:00:00,288.0944944006503
2023-12-03 00:00:00,286.484604721712
2023-12-03 04:00:00,284.5212056803373
2023-12-03 08:00:00,281.53615712726764
2023-12-03 12:00:00,277.8622043491461
2023-12-03 16:00:00,282.98032525944836
2023-12-03 20:00:00,283.87857821928475
2023-12-04 00:00:00,285.92940459471384
2023-12-04 04:00:00,303.08592548726824
2023-12-04 08:00:00,294.90042097676684
2023-12-04 12:00:00,298.7276019267949
2023-12-04 16:00:00,297.5394070625142
2023-12-04 20:00:00,303.70544248154494
2023-12-05 00:00:00,300.0926805682569
2023-12-05 04:00:00,296.687775700304
2023-12-05 08:00:00,296.96383107348055
2023-12-05 12:00:00,298.908044810555
2023-12-05 16:00:00,307.6053211230378
2023-12-05 20:00:00,306.7853284500933
2023-12-06 00:00:00,307.5855243844287
2023-12-06 04:00:00,318.77190130060296
2023-12-06 08:00:00,315.59494621562607
2023-12-06 12:00:00,316.24673804291376
2023-12-06 16:00:00,314.4336528494843
2023-12-06 20:00:00,309.41837257566897
2023-12-07 00:00:00,311.70097615180094
2023-12-07 04:00:00,312.1041036495372
2023-12-07 08:00:00,308.65259684046555
2023-12-07 12:00:00,310.4013536604386
2023-12-07 20:00:00,312.4398694531075
2023-12-08 00:00:00,313.08976816509033
2023-12-08 04:00:00,313.91113427875706
2023-12-08 08:00:00,314.2148144141053
2023-12-08 12:00:00,314.1832728599616
2023-12-08 16:00:00,316.82407488929226
2023-12-08 20:00:00,318.18440667639675
2023-12-09 00:00:00,319.43225050977196
2023-12-09 04:00:00,321.54836663258095
2023-12-09 08:00:00,317.9496218566493
2023-12-09 12:00:00,317.0924243803884
2023-12-09 16:00:00,315.49487380303884
2023-12-10 00:00:00,318.1283656996188
2023-12-10 04:00:00,317.6451772880431
2023-12-10 12:00:00,321.86378987247593
2023-12-10 16:00:00,323.98067258731834
2023-12-10 20:00:00,323.4495962448442
2023-12-11 00:00:00,321.28750271157327
2023-12-13 20:00:00,323.7575213764898
2023-12-14 00:00:00,322.2397330957702
2023-12-14 04:00:00,323.34538251029187
2023-12-14 08:00:00,325.65999743796027
2023-12-14 12:00:00,321.6035860686936
2023-12-14 16:00:00,324.5485885206272
2023-12-14 20:00:00,326.44904214761874
2023-12-15 00:00:00,324.47785951849363
2023-12-16 20:00:00,331.3212984644103
2023-12-17 08:00:00,334.36725917335326
2023-12-19 04:00:00,336.148647692039
2023-12-20 12:00:00,342.9654535634025
2023-12-21 08:00:00,345.38276746334697
2023-12-21 16:00:00,350.50076536544805
2023-12-21 20:00:00,356.2384414755209
2023-12-22 00:00:00,351.87644679603227
2023-12-22 04:00:00,348.1905257607824
2023-12-22 08:00:00,350.1089868028731
2023-12-22 12:00:00,351.5359778555983
2023-12-22 16:00:00,349.9803963087261
2023-12-22 20:00:00,354.67769382189334
2023-12-23 12:00:00,355.35970750673397
2023-12-23 16:00:00,354.9768407903985
2023-12-23 20:00:00,356.0308007785526
2023-12-24 00:00:00,358.31083484080955
2023-12-24 04:00:00,355.03797385875095
2023-12-24 08:00:00,357.8916779073214
2023-12-24 12:00:00,355.66094808738865
2023-12-24 16:00:00,356.6507331151195
2023-12-25 08:00:00,357.9016065100018
2023-12-25 12:00:00,359.76086206317
2023-12-25 16:00:00,360.6493027967631
2023-12-25 20:00:00,361.3334256276597
2023-12-26 00:00:00,359.84507309945957
2023-12-27 12:00:00,362.66575852533015
2023-12-27 16:00:00,362.8576315246846
2023-12-27 20:00:00,363.3989616794247
2023-12-28 00:00:00,366.8252733429108
2023-12-28 04:00:00,362.09246409358394
2023-12-28 08:00:00,361.62177910990107
2023-12-29 08:00:00,365.86363499507013
2024-01-01 12:00:00,372.2754308199673
2024-01-01 16:00:00,376.1389534426558
2024-01-01 20:00:00,376.69684361104356
2024-01-02 00:00:00,383.63319154505064
2024-01-02 04:00:00,385.52758803683594
2024-01-02 08:00:00,381.2594003424363
2024-01-02 12:00:00,371.7577429535883
2024-01-03 04:00:00,372.85176841835505
2024-01-08 16:00:00,379.85997662001455
2024-01-08 20:00:00,380.1815452281924
2024-01-09 04:00:00,381.5913598430721
2024-01-10 20:00:00,393.38566455685105
2024-01-11 00:00:00,395.614260429338
2024-01-11 04:00:00,394.8304404035503
2024-01-11 08:00:00,400.28916028953154
2024-01-11 12:00:00,397.13572133996604
2024-01-11 16:00:00,397.70416746020373
2024-01-11 20:00:00,395.6060869241337
2024-01-12 00:00:00,392.693315703539
2024-01-12 04:00:00,393.7949820544738
2024-01-12 08:00:00,395.17412803425566
2024-01-12 12:00:00,389.127759842456
2024-01-14 04:00:00,394.4154647051126
2024-01-14 08:00:00,395.8964255529029
2024-01-14 12:00:00,391.7145253644818
2024-01-15 08:00:00,394.18652872823066
2024-01-16 08:00:00,396.8258873311341
2024-01-16 12:00:00,395.11027376714344
2024-01-16 16:00:00,394.96044298231084
2024-01-16 20:00:00,394.3717530302922
2024-01-20 04:00:00,397.8068437998119
2024-01-20 08:00:00,397.44804226837505
2024-01-20 12:00:00,396.9346231781793
2024-01-20 16:00:00,412.7323324745562
2024-01-20 20:00:00,433.58148771461464
2024-01-21 00:00:00,430.7691194023645
2024-01-21 04:00:00,428.0973038142996
2024-01-21 08:00:00,430.64557914715914
2024-01-21 12:00:00,431.1074699824495
2024-01-21 16:00:00,428.9164625399282
2024-01-21 20:00:00,426.29539367886554
2024-01-22 00:00:00,420.6407234518056
2024-01-22 04:00:00,420.6580638711599
2024-01-22 08:00:00,420.3627509268579
2024-01-22 12:00:00,422.08228759706236
2024-01-26 08:00:00,429.2989299104919
2024-01-26 12:00:00,428.8067057059535
2024-01-26 16:00:00,430.8398675073805
2024-01-26 20:00:00,429.4514288858377
2024-01-27 00:00:00,429.50319786400337
2024-01-27 04:00:00,426.18248766721206
2024-01-27 08:00:00,427.22800457844056
2024-01-27 12:00:00,426.41345887793983
2024-01-27 16:00:00,427.44647824714514
2024-01-27 20:00:00,429.0537925299744
2024-01-28 00:00:00,431.8787453179663
2024-01-28 04:00:00,428.362058798793
2024-01-28 08:00:00,427.07062310404723
2024-01-29 08:00:00,442.88617862668497
2024-01-29 12:00:00,451.9243735471433
2024-01-29 16:00:00,451.80184725395594
2024-01-29 20:00:00,445.6027078512937
2024-01-30 00:00:00,446.6995445241649
2024-01-30 04:00:00,445.1655594746665
2024-01-30 08:00:00,446.5629335424075
2024-01-30 12:00:00,442.9333263806034
2024-01-30 16:00:00,442.9259718751482
2024-02-01 16:00:00,446.22335241299
2024-02-02 00:00:00,448.0473331094597
2024-02-02 04:00:00,448.4235175857515
2024-02-05 08:00:00,459.43182711917206
2024-02-06 16:00:00,464.15401453531786
2024-02-07 12:00:00,468.3800269926892
2024-02-07 16:00:00,474.1927957149405
2024-02-07 20:00:00,477.68360970997696
2024-02-08 00:00:00,476.569893200893
2024-02-08 04:00:00,473.7960475105572
2024-02-08 08:00:00,473.1034634391972
2024-02-08 12:00:00,480.4764838019889
2024-02-08 16:00:00,475.16925733186554
2024-02-08 20:00:00,470.7431607671152
2024-02-09 00:00:00,476.10972508373294
2024-02-09 04:00:00,491.37297101616065
2024-02-09 08:00:00,490.6055913650416
2024-02-09 12:00:00,485.65443613587723
2024-02-09 16:00:00,485.1017518493526
2024-02-09 20:00:00,484.99551996830485
2024-02-10 00:00:00,487.12260429086865
2024-02-10 04:00:00,480.6048836156394
2024-02-10 08:00:00,475.5007710546535
2024-02-10 12:00:00,477.58567565791816
2024-02-10 16:00:00,476.66152094736503
2024-02-10 20:00:00,479.020515285586
2024-02-11 00:00:00,485.9342165471839
2024-02-11 04:00:00,490.56593323094387
2024-02-11 08:00:00,487.19636521693315
2024-02-11 12:00:00,479.80598894837806
2024-02-11 16:00:00,480.4618189228295
2024-02-12 12:00:00,494.3502628447826
2024-02-12 16:00:00,493.7030320077919
2024-02-12 20:00:00,498.44990081117663
2024-02-13 00:00:00,494.45242918647506
2024-02-13 04:00:00,499.2846785029645
2024-02-13 08:00:00,497.99436487142805
2024-02-14 04:00:00,501.8958265825544
2024-02-14 08:00:00,509.52268589742346
2024-02-14 12:00:00,510.5014783104336
2024-02-14 16:00:00,530.3205323062006
2024-02-14 20:00:00,526.3454959636219
2024-02-15 00:00:00,534.377548712349
2024-02-15 04:00:00,526.1213965821544
2024-02-15 08:00:00,526.8403305611824
2024-02-15 12:00:00,522.8925820446804
2024-02-15 16:00:00,524.0874773078154
2024-02-15 20:00:00,523.1585703975401
2024-02-16 00:00:00,528.0455023318619
2024-02-16 04:00:00,521.6991464882014
2024-02-16 08:00:00,526.8003359480891
2024-02-16 12:00:00,522.4117363652236
2024-02-16 16:00:00,519.8469674548098
2024-02-16 20:00:00,523.717377778568
2024-02-17 00:00:00,519.3977692863034
2024-02-17 04:00:00,519.3734863902013
2024-02-18 16:00:00,525.923495430836
2024-02-18 20:00:00,527.0597805029573
2024-02-19 00:00:00,533.2055374887193
2024-02-19 04:00:00,536.0132907398204
2024-02-19 08:00:00,535.2280891351407
2024-02-19 12:00:00,541.2386668926639
2024-02-19 16:00:00,552.066981672719
2024-02-19 20:00:00,553.6968277518235
2024-02-20 00:00:00,541.7904791230721
2024-02-20 04:00:00,538.4842563346272
2024-02-20 08:00:00,537.2187899422995
2024-02-20 20:00:00,541.4154281093935
2024-02-22 04:00:00,546.9994579210249
2024-02-23 16:00:00,555.8771641553748
2024-02-24 00:00:00,560.2124130407386
2024-02-24 04:00:00,558.7634091447255
2024-02-24 08:00:00,559.9666056684854
2024-02-24 12:00:00,562.3598574384501
2024-02-24 16:00:00,562.2341592771578
2024-02-24 20:00:00,564.3599587048466
2024-02-25 00:00:00,563.8719146146943
2024-02-25 04:00:00,561.3031230121874
2024-02-25 08:00:00,562.1807650546291
2024-02-25 12:00:00,563.0957323394292
2024-02-25 16:00:00,563.7844004934097
2024-02-25 20:00:00,558.889190185863
2024-02-26 00:00:00,552.2861215893173
2024-02-26 12:00:00,572.8322900138281
2024-02-26 16:00:00,589.6699590650768
2024-02-26 20:00:00,591.8724929427655
2024-02-27 00:00:00,591.3276862809167
2024-02-27 04:00:00,609.5404933972441
2024-02-27 08:00:00,625.2568961833063
2024-02-27 12:00:00,634.3508708249592
2024-02-27 16:00:00,649.933237261822
2024-02-27 20:00:00,643.0849206252514
2024-02-28 00:00:00,627.5757976233291
2024-02-28 04:00:00,636.8668529063568
2024-02-28 08:00:00,638.1942504118446
2024-02-28 12:00:00,649.077199164182
2024-02-28 16:00:00,696.565497537751
2024-02-28 20:00:00,701.9392615065658
2024-02-29 00:00:00,717.9236716666752
2024-02-29 04:00:00,724.4726980017617
2024-02-29 08:00:00,725.8697570309985
2024-02-29 12:00:00,734.5066452166312
2024-02-29 16:00:00,720.9276457952196
2024-02-29 20:00:00,705.7209933218995
2024-03-01 00:00:00,708.7565376018607
2024-03-01 04:00:00,706.8022137169472
2024-03-01 08:00:00,711.0531710363368
2024-03-01 12:00:00,714.7691862786311
2024-03-01 16:00:00,729.6382076692662
2024-03-01 20:00:00,733.9257750988343
2024-03-02 00:00:00,735.828006431655
2024-03-02 04:00:00,742.1768938580755
2024-03-02 08:00:00,735.7649898263945
2024-03-02 12:00:00,731.0668947151443
2024-03-02 16:00:00,735.7589837270626
2024-03-02 20:00:00,735.8131331557962
2024-03-03 00:00:00,733.9870267810642
2024-03-03 04:00:00,721.3728192818048
2024-03-03 08:00:00,733.7164513396233
2024-03-03 12:00:00,732.1441005038494
2024-03-03 16:00:00,744.6316182031508
2024-03-03 20:00:00,747.119964316182
2024-03-04 00:00:00,750.2908205799461
2024-03-04 04:00:00,757.9977815625629
2024-03-04 08:00:00,756.4130363880786
2024-03-04 12:00:00,767.0647392364032
2024-03-04 16:00:00,774.3109371946274
2024-03-04 20:00:00,778.0609366242227
2024-03-05 00:00:00,792.620511921165
2024-03-05 04:00:00,772.6854247671174
2024-03-05 08:00:00,775.3101927581041
2024-03-05 12:00:00,767.3723015341859
2024-03-06 04:00:00,778.5487835539299
2024-03-06 08:00:00,778.5982769394218
2024-03-06 12:00:00,774.1370206898861
2024-03-06 16:00:00,773.1656574332168
2024-03-07 12:00:00,776.8471741181346
2024-03-07 20:00:00,777.9234989976301
2024-03-08 00:00:00,784.8985246427021
2024-03-08 04:00:00,782.5531210155053
2024-03-08 08:00:00,785.1422648697644
2024-03-08 12:00:00,781.36933211878
2024-03-08 16:00:00,784.2382632651062
2024-03-08 20:00:00,781.9559957369733
2024-03-09 00:00:00,784.9985625575277
2024-03-09 04:00:00,783.2942335454156
2024-03-09 08:00:00,781.0555861306285
2024-03-09 12:00:00,785.5876547329764
2024-03-09 16:00:00,797.0360028539536
2024-03-09 20:00:00,799.8776311695401
2024-03-10 00:00:00,794.4551378595911
2024-03-10 04:00:00,794.6986175019281
2024-03-10 08:00:00,789.2885485670638
2024-03-10 12:00:00,787.5885315418365
2024-03-10 16:00:00,789.3032028544559
2024-03-10 20:00:00,782.6883851661815
2024-03-11 04:00:00,800.4876343800686
2024-03-11 08:00:00,798.6211292528798
2024-03-11 12:00:00,796.5779308830598
2024-03-11 16:00:00,795.5574658808508
2024-03-11 20:00:00,811.1050132769598
2024-03-12 00:00:00,794.5624308674763
2024-03-12 04:00:00,792.1980972509778
2024-03-13 00:00:00,799.3469038619284
2024-03-13 04:00:00,799.4430734332243
2024-03-14 00:00:00,807.1399586253069
2024-03-14 04:00:00,832.4107223372511
2024-03-14 08:00:00,827.1224703063967
2024-03-14 20:00:00,839.1211207396959
2024-03-20 16:00:00,869.4381073721167
2024-03-20 20:00:00,879.6544639099681
2024-03-21 00:00:00,876.326217125766
2024-03-21 04:00:00,882.042104481688
2024-03-21 08:00:00,877.9483302367313
2024-03-21 12:00:00,886.6654653667816
2024-03-21 16:00:00,877.2631768892178
2024-03-21 20:00:00,883.4881285010067
2024-03-22 00:00:00,886.7423687678856
2024-03-22 04:00:00,895.2195362679585
2024-03-22 08:00:00,883.7836294168917
2024-03-22 16:00:00,887.262377841075
2024-03-22 20:00:00,888.3997753460601
2024-03-23 00:00:00,897.3037378950952
2024-03-23 04:00:00,901.0490120187286
2024-03-23 08:00:00,904.5547548891609
2024-03-23 12:00:00,909.3048978560181
2024-03-23 16:00:00,914.0867471026138
2024-03-23 20:00:00,900.8402961377601
2024-03-24 00:00:00,911.2384128133075
2024-03-24 04:00:00,920.1517663328294
2024-03-24 08:00:00,916.5293979369957
2024-03-24 12:00:00,921.2646509400187
2024-03-24 16:00:00,919.1263504357826
2024-03-24 20:00:00,923.6269445247048
2024-03-25 00:00:00,915.8026235623087
2024-03-25 04:00:00,913.0629814090266
2024-03-25 08:00:00,911.2260408369771
2024-03-25 12:00:00,935.056694251107
2024-03-25 16:00:00,930.2513357426699
2024-03-25 20:00:00,920.4150347422253
2024-03-26 00:00:00,923.9627729031107
2024-03-26 04:00:00,927.4476296041864
2024-03-26 08:00:00,935.8244124940387
2024-03-26 12:00:00,925.160817078083
2024-03-26 16:00:00,920.3988049580316
2024-03-26 20:00:00,931.5470832193105
2024-03-27 00:00:00,934.70890910935
2024-03-27 04:00:00,931.9034681159872
2024-03-27 08:00:00,938.9764381301945
2024-03-27 12:00:00,940.8068779106633
2024-03-27 16:00:00,929.8609190340899
2024-03-27 20:00:00,945.4315113122849
2024-03-28 00:00:00,953.2391920232955
2024-03-28 04:00:00,962.9336465405238
2024-03-28 08:00:00,993.1409043725802
2024-03-28 12:00:00,993.1904717389889
2024-03-28 16:00:00,1007.5666641503574
2024-03-28 20:00:00,996.7207655151883
2024-03-29 00:00:00,993.2601520128296
2024-03-29 04:00:00,979.3923460113953
2024-03-29 08:00:00,985.499819868098
2024-03-29 12:00:00,977.575720595582
2024-03-29 16:00:00,985.3107276821052
2024-03-29 20:00:00,983.3818891933505
2024-03-30 00:00:00,981.4430052463166
2024-03-30 04:00:00,971.8167845542034
2024-03-30 08:00:00,978.9019910137525
2024-03-31 04:00:00,986.9247680513762
2024-03-31 08:00:00,986.4731580003049
2024-03-31 12:00:00,995.0861242462073
2024-03-31 16:00:00,1009.5221542571627
2024-03-31 20:00:00,1005.3499666175093
2024-04-01 00:00:00,997.639325815579
2024-04-06 00:00:00,1007.720080460054
2024-04-06 04:00:00,1017.465080565487
2024-04-06 08:00:00,1011.72899026371
2024-04-06 12:00:00,1013.3133122770018
2024-04-06 16:00:00,1011.7066664249894
2024-04-06 20:00:00,1019.5536634269038
2024-04-07 00:00:00,1049.2315426021264
2024-04-07 04:00:00,1047.5420347180059
2024-04-07 08:00:00,1055.2037509664053
2024-04-07 12:00:00,1059.1905407335562
2024-04-07 16:00:00,1050.277810878683
2024-04-07 20:00:00,1054.9857563429152
2024-04-08 00:00:00,1053.6851389965204
2024-04-08 04:00:00,1072.879018123383
2024-04-08 08:00:00,1074.4695257126034
2024-04-08 12:00:00,1063.6079979561027
2024-04-08 16:00:00,1058.6872336246404
2024-04-08 20:00:00,1061.9272081649226
2024-04-09 00:00:00,1050.895669485636
2024-04-09 04:00:00,1044.0262077774044
2024-04-09 08:00:00,1042.5330865851904
2024-04-10 12:00:00,1058.7232784988644
2024-04-10 16:00:00,1086.5037188881347
2024-04-10 20:00:00,1080.2391279740773
2024-04-11 00:00:00,1071.8661834309567
2024-04-11 04:00:00,1082.6094128067461
2024-04-12 00:00:00,1096.1414408350145
2024-04-12 04:00:00,1093.74884376361
2024-04-12 08:00:00,1097.7398480788165
2024-04-19 08:00:00,1099.0987697335013
2024-04-19 12:00:00,1098.4113692203714
2024-04-19 16:00:00,1101.9395099429485
2024-04-19 20:00:00,1107.0279619644207
2024-04-20 00:00:00,1104.7622438206602
2024-04-20 04:00:00,1100.8711087084334
2024-04-20 12:00:00,1117.1135872739258
2024-04-20 16:00:00,1125.6526640648756
2024-04-20 20:00:00,1128.578486728578
2024-04-21 00:00:00,1130.090493210626
2024-04-21 04:00:00,1129.0927841641233
2024-04-21 08:00:00,1125.505307408844
2024-04-21 12:00:00,1119.26096345443
2024-04-21 20:00:00,1122.8330395005444
2024-04-22 00:00:00,1131.5429726021264
2024-04-22 04:00:00,1130.1242333076807
2024-04-22 08:00:00,1126.3123786563056
2024-04-22 12:00:00,1120.6841509275998
2024-04-22 16:00:00,1128.3967435582244
2024-04-22 20:00:00,1133.1584438968425
2024-04-23 12:00:00,1148.3300858693804
2024-04-23 16:00:00,1147.4114658215399
2024-04-23 20:00:00,1139.4550065982353
2024-04-24 00:00:00,1157.4617135549151
2024-04-24 04:00:00,1147.159944411906
2024-04-24 08:00:00,1159.2117868749226
2024-04-28 00:00:00,1178.8890940993874
2024-04-28 04:00:00,1178.9756628097148
2024-04-28 12:00:00,1189.6296200474435
2024-04-28 16:00:00,1189.9813489445478
2024-05-02 12:00:00,1194.6492861021738
2024-05-03 00:00:00,1204.8003220496364
2024-05-03 12:00:00,1224.1488600393584
2024-05-03 16:00:00,1228.8547613511691
2024-05-03 20:00:00,1245.1931835598348
2024-05-04 00:00:00,1254.5006105555433
2024-05-04 04:00:00,1256.1526100413253
2024-05-04 08:00:00,1278.8994612257331
2024-05-04 12:00:00,1292.506113159644
2024-05-04 16:00:00,1284.1256725679025
2024-05-04 20:00:00,1281.7038530168945
2024-05-05 00:00:00,1275.1991751924754
2024-05-05 04:00:00,1286.324468499077
2024-05-05 08:00:00,1282.7742360678992
2024-05-05 12:00:00,1286.0538199717835
2024-05-05 16:00:00,1286.6794366146846
2024-05-05 20:00:00,1281.2453611187946
2024-05-06 00:00:00,1284.131948739781
2024-05-06 04:00:00,1292.2502406622168
2024-05-06 08:00:00,1283.2681771637006
2024-05-06 12:00:00,1267.852212543495
2024-05-06 16:00:00,1262.9523316837438
2024-05-06 20:00:00,1260.040413962193
2024-05-07 04:00:00,1264.0568780995202
2024-05-07 08:00:00,1265.1918192726157
2024-05-07 12:00:00,1264.2851485871442
2024-05-09 16:00:00,1269.8559092010846
2024-05-09 20:00:00,1280.7401814977911
2024-05-10 00:00:00,1271.2201373695245
2024-05-10 04:00:00,1280.0090602409646
2024-05-10 08:00:00,1273.4795721017276
2024-05-13 12:00:00,1319.7096229333658
2024-05-13 16:00:00,1312.462660618781
2024-05-13 20:00:00,1303.976415441687
2024-05-14 00:00:00,1309.083344988154
2024-05-14 04:00:00,1318.4714234311732
2024-05-14 08:00:00,1317.3357497521354
2024-05-14 12:00:00,1299.6241408466774
2024-05-15 04:00:00,1311.4052700376367
2024-05-15 08:00:00,1310.4199966630065
2024-05-15 12:00:00,1317.341924213682
2024-05-15 16:00:00,1325.9912986496133
2024-05-15 20:00:00,1332.3919676868616
2024-05-16 00:00:00,1340.965369562261
2024-05-16 04:00:00,1334.2400924444505
2024-05-16 08:00:00,1329.709903675947
2024-05-16 12:00:00,1313.2844353010532
2024-05-17 04:00:00,1332.689469249284
2024-05-17 08:00:00,1321.559846692235
2024-05-17 12:00:00,1341.9381839770278
2024-05-17 16:00:00,1332.0281288746833
2024-05-17 20:00:00,1339.7006993531468
2024-05-18 00:00:00,1342.942504853676
2024-05-18 04:00:00,1330.732892998881
2024-05-18 08:00:00,1339.2412561472925
2024-05-18 16:00:00,1339.3522162331587
2024-05-18 20:00:00,1338.1604331484352
2024-05-19 00:00:00,1354.9667040525
2024-05-19 04:00:00,1343.021593329533
2024-05-20 12:00:00,1353.3498899806164
2024-05-20 16:00:00,1392.9415270895022
2024-05-20 20:00:00,1444.495358721656
2024-05-21 00:00:00,1431.4690625817143
2024-05-21 04:00:00,1433.9198288094735
2024-05-21 08:00:00,1436.3202096196374
2024-05-21 12:00:00,1443.2808538119916
2024-05-21 16:00:00,1432.5692500220166
2024-05-21 20:00:00,1462.0616245623612
2024-05-22 00:00:00,1463.7658113847772
2024-05-22 04:00:00,1449.875286199113
2024-05-22 08:00:00,1435.5558425307017
2024-05-22 12:00:00,1455.452609177076
2024-05-22 16:00:00,1434.5194169074846
2024-05-22 20:00:00,1438.244065870987
2024-05-23 00:00:00,1442.2831774441827
2024-05-23 04:00:00,1439.8720470507828
2024-05-23 08:00:00,1448.3591938763811
2024-05-24 08:00:00,1469.820070393864
2024-05-24 12:00:00,1482.9445411655013
2024-05-24 16:00:00,1477.949282139996
2024-05-24 20:00:00,1470.2720457116575
2024-05-25 00:00:00,1470.590556370289
2024-05-25 04:00:00,1475.8692635993425
2024-05-25 08:00:00,1481.267866101591
2024-05-25 12:00:00,1480.608455615669
2024-05-25 16:00:00,1493.544025804447
2024-05-25 20:00:00,1511.1796177224444
2024-05-26 00:00:00,1509.585988286586
2024-05-26 04:00:00,1502.9662715152297
2024-05-26 08:00:00,1493.7889314451534
2024-05-26 12:00:00,1476.0174752695525
2024-05-26 16:00:00,1479.998453575086
2024-05-27 08:00:00,1491.4414038635182
2024-05-27 12:00:00,1521.675841516714
2024-05-27 20:00:00,1533.11927885537
2024-05-29 00:00:00,1560.8724159134015
2024-05-29 04:00:00,1543.2386074679648
2024-06-03 00:00:00,1567.7162960175515
2024-06-03 04:00:00,1583.9605230692048
2024-06-03 08:00:00,1583.071035992414
2024-06-03 12:00:00,1578.670171979502
2024-06-03 16:00:00,1565.5962035591085
2024-06-04 12:00:00,1587.256430333366
2024-06-04 16:00:00,1590.6763018315235
2024-06-04 20:00:00,1596.3294872941526
2024-06-05 00:00:00,1613.8889214625362
2024-06-05 04:00:00,1623.6024302129015
2024-06-05 08:00:00,1605.090128635296
2024-06-05 12:00:00,1613.3245740430002
2024-06-05 16:00:00,1613.3979047968526
2024-06-05 20:00:00,1607.2147144015478
2024-06-06 00:00:00,1596.8211812693394
2024-06-06 04:00:00,1589.8300771486158
2024-06-06 08:00:00,1603.7579078489168
2024-06-06 12:00:00,1596.5847671748415
2024-06-12 12:00:00,1695.004221540311
2024-06-12 16:00:00,1663.7970250199667
2024-06-12 20:00:00,1674.12434523639
2024-06-13 04:00:00,1679.29838466329
2024-06-20 08:00:00,1681.9881892079552
2024-06-22 12:00:00,1686.4351505870939
2024-06-23 00:00:00,1696.345604341416
2024-06-23 04:00:00,1697.716175526767
2024-06-25 00:00:00,1753.7622376310646
2024-06-25 04:00:00,1737.145349221238
2024-06-25 08:00:00,1751.2466094738074
2024-06-25 12:00:00,1785.92461524723
2024-06-25 16:00:00,1790.1775114056084
2024-06-25 20:00:00,1775.1683981804965
2024-06-26 00:00:00,1783.344959533588
2024-06-26 04:00:00,1769.9203894307495
2024-06-26 08:00:00,1756.4428680955107
2024-06-26 12:00:00,1750.384749522096
2024-06-26 16:00:00,1751.396112276556
2024-06-27 12:00:00,1761.226257348571
2024-06-27 16:00:00,1767.8171491439089
2024-06-27 20:00:00,1792.0797581992172
2024-06-28 00:00:00,1786.2652479384128
2024-06-28 04:00:00,1772.979722101355
2024-06-28 08:00:00,1791.834453048581
2024-06-28 12:00:00,1769.9615505395866
2024-06-30 16:00:00,1781.2238503252997
2024-06-30 20:00:00,1789.6016340539643
2024-07-01 00:00:00,1819.3467195964795
2024-07-01 04:00:00,1814.030883476378
2024-07-01 08:00:00,1784.5500926085901
2024-07-01 12:00:00,1784.9090206258757
2024-07-01 16:00:00,1788.3133934864438
2024-07-02 08:00:00,1806.3224145190363
2024-07-02 16:00:00,1826.408214240205
2024-07-02 20:00:00,1843.4194406511233
2024-07-06 08:00:00,1848.7861628396588
2024-07-06 12:00:00,1848.2454314999704
2024-07-06 16:00:00,1865.9628220381544
2024-07-06 20:00:00,1869.5220812472242
2024-07-07 00:00:00,1860.5907343641654
2024-07-07 08:00:00,1861.4852439722392
2024-07-08 08:00:00,1888.631605266045
2024-07-09 00:00:00,1891.6553670566493
2024-07-09 04:00:00,1890.045994014335
2024-07-09 08:00:00,1892.5086587586827
2024-07-10 00:00:00,1894.2917598320505
2024-07-10 04:00:00,1909.2796749541756
2024-07-10 08:00:00,1906.2289941423903
2024-07-10 12:00:00,1905.17501620027
2024-07-11 04:00:00,1919.3699237991498
2024-07-11 08:00:00,1927.1127576571744
2024-07-12 20:00:00,1931.2668110835211
2024-07-13 00:00:00,1932.4868222738482
2024-07-13 04:00:00,1959.501018691587
2024-07-13 08:00:00,1962.316280089577
2024-07-13 12:00:00,1982.1349925002255
2024-07-13 16:00:00,2010.4691470538219
2024-07-13 20:00:00,2008.0040241070092
2024-07-14 00:00:00,2011.494191000905
2024-07-14 04:00:00,2028.218351314247
2024-07-14 08:00:00,2011.3727481558965
2024-07-14 12:00:00,2007.9825321335486
2024-07-14 16:00:00,2003.1914880018965
2024-07-14 20:00:00,2057.3128303911817
2024-07-15 00:00:00,2108.274797488654
2024-07-15 04:00:00,2125.6202237828493
2024-07-15 08:00:00,2089.684056378377
2024-07-15 12:00:00,2117.4800535907675
2024-07-15 16:00:00,2165.0691078933482
2024-07-15 20:00:00,2229.714092260432
2024-07-16 00:00:00,2248.7372833253157
2024-07-16 04:00:00,2157.5348343411165
2024-07-16 08:00:00,2172.601493082651
2024-07-16 12:00:00,2209.2958677220367
2024-07-16 16:00:00,2208.375087927214
2024-07-16 20:00:00,2197.0526649965045
2024-07-17 00:00:00,2203.5382318488914
2024-07-17 04:00:00,2200.8304587005427
2024-07-17 08:00:00,2185.5060629601053
2024-07-17 12:00:00,2172.1512643525807
2024-07-17 16:00:00,2171.095676063623
2024-07-17 20:00:00,2157.9135205753555
2024-07-18 00:00:00,2172.6774767122206
2024-07-18 04:00:00,2153.049243192347
2024-07-18 08:00:00,2155.6939139214023
2024-07-19 00:00:00,2167.6356664751956
2024-07-19 12:00:00,2209.469488304038
2024-07-19 16:00:00,2231.6461709504233
2024-07-19 20:00:00,2232.2929419011143
2024-07-20 00:00:00,2230.150837545959
2024-07-20 04:00:00,2255.1190571601087
2024-07-20 08:00:00,2234.543260524606
2024-07-20 12:00:00,2342.183995452381
2024-07-20 16:00:00,2331.087414961324
2024-07-20 20:00:00,2334.809673847291
2024-07-21 00:00:00,2316.3449163715077
2024-07-21 04:00:00,2304.9276217878923
2024-07-21 08:00:00,2309.082148885333
2024-07-21 12:00:00,2307.3973349710886
2024-07-21 16:00:00,2327.3873134343353
2024-07-21 20:00:00,2377.7808516877667
2024-07-22 00:00:00,2386.704877977357
2024-07-22 04:00:00,2348.8186802869295
2024-07-22 08:00:00,2360.5955560630587
2024-07-22 12:00:00,2367.416184477279
2024-07-22 16:00:00,2384.1005503038095
2024-07-22 20:00:00,2349.8882736589985
2024-07-23 00:00:00,2348.94641520793
2024-07-23 04:00:00,2323.867104135219
2024-07-23 08:00:00,2323.1837769768376
2024-07-24 08:00:00,2329.866196564453
2024-07-26 00:00:00,2367.1102506087163
2024-07-26 04:00:00,2369.788392778096
2024-07-26 08:00:00,2376.258461281992
2024-07-26 12:00:00,2379.6315588188518
2024-07-26 16:00:00,2417.6959828426725
2024-07-26 20:00:00,2422.8410612016955
2024-07-27 00:00:00,2421.561924955779
2024-07-27 04:00:00,2419.9220988282127
2024-07-27 08:00:00,2425.096880219707
2024-07-27 12:00:00,2420.8329619275423
2024-07-27 16:00:00,2437.6452303126025
2024-07-29 00:00:00,2481.820057488596
2024-07-29 04:00:00,2492.0820210052234
2024-07-29 08:00:00,2473.6647577168687
2024-08-08 00:00:00,2492.0945699334807
2024-08-08 04:00:00,2493.211455864759
2024-08-08 08:00:00,2496.8119827463725
2024-08-08 12:00:00,2523.2269325864736
2024-08-08 16:00:00,2511.1663484603973
2024-08-08 20:00:00,2550.28722101399
2024-08-09 00:00:00,2533.6894949798198
2024-08-09 04:00:00,2520.5563308294004
2024-08-09 08:00:00,2514.1435735269583
2024-08-09 12:00:00,2480.551476925564
2024-08-09 16:00:00,2497.759188375608
2024-08-09 20:00:00,2502.8318260726883
2024-08-10 00:00:00,2502.0639798372213
2024-08-10 04:00:00,2510.9219091430123
2024-08-10 08:00:00,2507.1165816808375
2024-08-10 12:00:00,2502.511318090356
2024-08-10 16:00:00,2515.676698372475
2024-08-10 20:00:00,2511.2362281187634
2024-08-11 00:00:00,2567.5891769285013
2024-08-11 04:00:00,2565.3219713184803
2024-08-11 08:00:00,2537.4148914292828
2024-08-12 08:00:00,2581.70655786944
2024-08-12 12:00:00,2590.4915930765937
2024-08-12 16:00:00,2563.5825443262493
2024-08-12 20:00:00,2596.8990069695756
2024-08-13 12:00:00,2606.698849976646
2024-08-13 16:00:00,2610.282920212847
2024-08-13 20:00:00,2618.990188163452
2024-08-14 00:00:00,2610.5373546862716
2024-08-14 04:00:00,2607.4451917248552
2024-08-14 08:00:00,2608.253705096661
2024-08-15 12:00:00,2633.68957949503
2024-08-17 12:00:00,2648.44363185048
2024-08-17 16:00:00,2659.2104524572483
2024-08-17 20:00:00,2655.1898297445227
2024-08-18 00:00:00,2643.3422388953177
2024-08-18 04:00:00,2643.7928560262353
2024-08-18 08:00:00,2663.6052420404053
2024-08-18 12:00:00,2656.5746734381014
2024-08-18 16:00:00,2643.5250108661044
2024-08-19 20:00:00,2661.3538348350876
2024-08-20 00:00:00,2747.5702644378057
2024-08-20 04:00:00,2764.4526698051254
2024-08-20 08:00:00,2743.381565270053
2024-08-20 16:00:00,2784.8326295371376
2024-08-20 20:00:00,2755.770418824755
2024-08-21 00:00:00,2772.148102648322
2024-08-21 04:00:00,2786.24876441619
2024-08-21 08:00:00,2765.826874825327
2024-08-21 12:00:00,2764.9770804739164
2024-08-21 16:00:00,2821.9318388379966
2024-08-21 20:00:00,2808.3210500113955
2024-08-22 00:00:00,2791.5709642705
2024-08-22 04:00:00,2800.660432201847
2024-08-22 08:00:00,2810.5559979724
2024-08-22 12:00:00,2782.1520427129526
2024-08-22 16:00:00,2773.5871205009653
2024-08-22 20:00:00,2779.489580722442
2024-08-23 00:00:00,2791.539729689194
2024-08-23 04:00:00,2811.8832151348734
2024-08-23 08:00:00,2789.7406843482877
2024-08-23 12:00:00,2866.28621836636
2024-08-23 16:00:00,2920.0367465533177
2024-08-23 20:00:00,2916.3468084739798
2024-08-24 00:00:00,2908.2576318124316
2024-08-24 04:00:00,2902.2177595199205
2024-08-24 08:00:00,2896.1520300391458
2024-08-24 12:00:00,2893.202898346108
2024-08-24 16:00:00,2932.3707924804735
2024-08-24 20:00:00,2897.3985504467255
2024-08-25 00:00:00,2866.100736051927
2024-08-25 12:00:00,2888.4736377485433
2024-08-25 16:00:00,2877.620443407732
2024-08-25 20:00:00,2873.4763319446783
2024-08-30 20:00:00,2897.064269835847
2024-08-31 12:00:00,2902.6769789275245
2024-09-02 20:00:00,2926.2645451778953
2024-09-03 00:00:00,2933.700898416096
2024-09-03 04:00:00,2931.9512638507326
2024-09-03 08:00:00,2930.3562890641483
2024-09-04 12:00:00,2991.080690883291
2024-09-04 16:00:00,2980.076423498285
2024-09-04 20:00:00,2977.308591085162
2024-09-05 20:00:00,2999.2244596215933
2024-09-06 00:00:00,3006.0893738588506
2024-09-08 00:00:00,3021.139409995458
2024-09-08 04:00:00,3007.9538796076936
2024-09-08 08:00:00,3007.6129812330655
2024-09-08 20:00:00,3024.868263506987
2024-09-09 00:00:00,3040.1299247949883
2024-09-09 04:00:00,3042.59769751169
2024-09-09 08:00:00,3056.792546300171
2024-09-09 12:00:00,3076.525364934646
2024-09-09 16:00:00,3181.9441417870244
2024-09-09 20:00:00,3179.429230878657
2024-09-10 00:00:00,3152.2755355590575
2024-09-10 04:00:00,3177.8962853338885
2024-09-10 08:00:00,3174.584061707361
2024-09-10 12:00:00,3124.2635198316925
2024-09-10 16:00:00,3152.60754870883
2024-09-10 20:00:00,3145.3255229026236
2024-09-11 00:00:00,3104.9501598209445
2024-09-11 04:00:00,3100.3004566671075
2024-09-11 08:00:00,3090.4112837199127
2024-09-11 16:00:00,3121.943690592683
2024-09-11 20:00:00,3114.51920214036
2024-09-12 00:00:00,3133.1555723907163
2024-09-12 04:00:00,3137.3381919577723
2024-09-12 08:00:00,3121.7747434191
2024-09-12 16:00:00,3156.8295654691924
2024-09-12 20:00:00,3159.1989017505866
2024-09-13 00:00:00,3140.850790995852
2024-09-13 04:00:00,3182.914798802978
2024-09-13 08:00:00,3207.8104902870996
2024-09-13 12:00:00,3303.8428108535763
2024-09-13 16:00:00,3266.3006775285153
2024-09-13 20:00:00,3273.8620497751394
2024-09-14 00:00:00,3275.1538109713297
2024-09-14 04:00:00,3262.2794701468843
2024-09-14 08:00:00,3223.3519136908876
2024-09-14 12:00:00,3228.7967469568866
2024-09-14 16:00:00,3212.657782318121
2024-09-14 20:00:00,3219.104709781321
2024-09-15 00:00:00,3223.8253364209177
2024-09-15 04:00:00,3222.6146797784995
2024-09-15 08:00:00,3194.307664305059
2024-09-15 12:00:00,3228.5666580160655
2024-09-15 16:00:00,3202.8745216636676
2024-09-17 12:00:00,3255.7226244179906
2024-09-18 20:00:00,3333.2160453515453
2024-09-19 00:00:00,3335.938326259629
2024-09-19 04:00:00,3337.12448540512
2024-09-19 08:00:00,3340.7461655312222
2024-09-19 12:00:00,3354.411535796762
2024-09-19 16:00:00,3375.7240159310404
2024-09-19 20:00:00,3347.4398206312453
2024-09-20 00:00:00,3380.4011437770446
2024-09-20 04:00:00,3395.4324548557506
2024-09-20 08:00:00,3368.1032201607427
2024-09-20 12:00:00,3340.9129326641087
2024-09-20 16:00:00,3320.043410876509
2024-09-20 20:00:00,3345.143379727447
2024-09-21 00:00:00,3319.821462956809
2024-09-21 04:00:00,3338.7350600202135
2024-09-21 08:00:00,3358.9422089905247
2024-09-21 12:00:00,3463.6074375022204
2024-09-21 16:00:00,3440.082634727236
2024-09-21 20:00:00,3477.373657658246
2024-09-22 00:00:00,3416.4116734607987
2024-09-22 04:00:00,3410.325328780835
2024-09-22 08:00:00,3364.2509449568647
2024-09-22 16:00:00,3383.2935040824163
2024-09-22 20:00:00,3377.1526093985603
2024-09-23 00:00:00,3429.4470155152644
2024-09-23 04:00:00,3397.464909303092
2024-09-23 08:00:00,3379.8089386043403
2024-09-23 12:00:00,3395.020915891792
2024-09-23 16:00:00,3384.0020123763056
2024-09-23 20:00:00,3411.325010420368
2024-09-24 00:00:00,3413.66068432893
2024-09-24 04:00:00,3409.6795073384524
2024-09-24 08:00:00,3433.8413950392123
2024-09-24 12:00:00,3382.328098158639
2024-09-24 16:00:00,3444.8102376803263
2024-09-24 20:00:00,3439.4630378887423
2024-09-25 00:00:00,3460.555308174763
2024-09-25 04:00:00,3408.8906273023363
2024-09-25 08:00:00,3429.8423081338883
2024-09-25 12:00:00,3397.167626491663
2024-09-25 16:00:00,3417.7050027934256
2024-09-25 20:00:00,3378.09795577185
2024-09-26 00:00:00,3392.315921513757
2024-09-26 04:00:00,3524.643508831587
2024-09-26 08:00:00,3527.1527158856334
2024-09-26 12:00:00,3598.3652190715316
2024-09-26 16:00:00,3615.3231833129316
2024-09-26 20:00:00,3626.435162581553
2024-09-27 00:00:00,3634.98455040217
2024-09-27 04:00:00,3730.505721109643
2024-09-27 08:00:00,3722.252457276332
2024-09-27 12:00:00,3806.5518257852036
2024-09-27 16:00:00,3753.648491329889
2024-09-27 20:00:00,3738.782831209571
2024-09-28 00:00:00,3784.953728163526
2024-09-28 04:00:00,3704.115150933196
2024-09-28 08:00:00,3749.951397797164
2024-09-28 12:00:00,3839.9727257738073
2024-09-28 16:00:00,3825.988214834413
2024-09-28 20:00:00,3795.8088409082447
2024-09-29 00:00:00,3812.5723592382387
2024-09-29 04:00:00,3763.2563183772004
2024-09-29 08:00:00,3775.640300113098
2024-09-29 12:00:00,3761.9263767941566
2024-09-29 16:00:00,3790.3138003956033
2024-09-29 20:00:00,3735.7607764763916
2024-10-04 16:00:00,3770.8644454435994
2024-10-04 20:00:00,3749.6114196340895
2024-10-05 04:00:00,3771.8847753263544
2024-10-05 08:00:00,3780.4976630782526
2024-10-05 12:00:00,3794.881118775518
2024-10-05 20:00:00,3833.5300993862047
2024-10-06 04:00:00,3842.71936147589
2024-10-06 08:00:00,3850.5305626690465
2024-10-06 12:00:00,3946.3661604067606
2024-10-06 16:00:00,3893.472987693074
2024-10-06 20:00:00,3919.2809372325487
2024-10-07 00:00:00,3989.0392126285196
2024-10-07 04:00:00,3977.6358485380288
2024-10-07 08:00:00,3910.1279339736784
2024-10-07 12:00:00,3917.2373708521645
2024-10-07 16:00:00,3886.9044048240016
2024-10-09 08:00:00,3924.3816881485645
2024-10-09 12:00:00,3926.4808780057574
2024-10-11 08:00:00,3950.051002612561
2024-10-11 12:00:00,3992.089868722365
2024-10-11 16:00:00,4028.606655398482
2024-10-11 20:00:00,4014.7408714960375
2024-10-12 00:00:00,3970.6735744528887
2024-10-12 04:00:00,4024.4904652777286
2024-10-12 08:00:00,4022.3942197343426
2024-10-12 12:00:00,4019.834867827822
2024-10-12 16:00:00,4009.758708233593
2024-10-12 20:00:00,4011.5797374508556
2024-10-13 00:00:00,3990.2419200033596
2024-10-13 04:00:00,4010.5953646374137
2024-10-13 08:00:00,3968.366582744608
2024-10-13 16:00:00,3985.2168740921684
2024-10-13 20:00:00,4032.370169417468
2024-10-14 00:00:00,4086.46470936197
2024-10-14 04:00:00,4068.347768347565
2024-10-14 08:00:00,4086.339714418021
2024-10-14 12:00:00,4209.0695507259525
2024-10-14 16:00:00,4205.150081721698
2024-10-14 20:00:00,4242.247530285826
2024-10-15 00:00:00,4222.7495831270435
2024-10-15 04:00:00,4196.789990563583
2024-10-15 08:00:00,4068.998087305462
2024-10-15 12:00:00,4066.1246733294442
2024-10-15 16:00:00,4126.589314215563
2024-10-15 20:00:00,4218.09511078022
2024-10-16 00:00:00,4186.297007356784
2024-10-16 04:00:00,4291.974661071357
2024-10-16 08:00:00,4442.0156521435965
2024-10-16 12:00:00,4443.39806979765
2024-10-16 16:00:00,4467.981711519153
2024-10-16 20:00:00,4428.528974893679
2024-10-17 00:00:00,4412.7507610754865
2024-10-17 04:00:00,4343.808744384311
2024-10-17 08:00:00,4332.947904653111
2024-10-17 12:00:00,4353.72144933358
2024-10-17 16:00:00,4376.791231398084
2024-10-17 20:00:00,4484.103461492556
2024-10-18 00:00:00,4534.992560125009
2024-10-18 04:00:00,4567.473494903954
2024-10-18 08:00:00,4543.099671015942
2024-10-18 12:00:00,4612.289821087472
2024-10-18 16:00:00,4592.3146910598625
2024-10-18 20:00:00,4600.157875384614
2024-10-19 00:00:00,4717.9340045183
2024-10-19 04:00:00,4712.95128424923
2024-10-19 08:00:00,4683.087999928476
2024-10-19 12:00:00,4706.716784133128
2024-10-19 16:00:00,4644.279872781756
2024-10-19 20:00:00,4706.608260598773
2024-10-20 00:00:00,4662.705057883416
2024-10-20 04:00:00,4682.019136147459
2024-10-20 08:00:00,4678.596255529313
2024-10-20 12:00:00,4609.059518107651
2024-10-20 16:00:00,4636.226763668969
2024-10-20 20:00:00,4661.569230013626
2024-10-21 00:00:00,4708.054061454698
2024-10-21 04:00:00,4717.094943713102
2024-10-21 08:00:00,4686.002173695078
2024-10-21 12:00:00,4625.102460808229
2024-10-21 16:00:00,4667.2051742645535
2024-10-21 20:00:00,4666.538872230433
2024-10-22 00:00:00,4681.674505247778
2024-10-22 04:00:00,4673.409280989396
2024-10-22 08:00:00,4630.831940270366
2024-10-24 12:00:00,4671.4997940711155
2024-10-24 16:00:00,4715.273947013176
2024-10-24 20:00:00,4698.037702554695
2024-10-26 20:00:00,4725.509924109445
2024-10-27 00:00:00,4740.41185496431
2024-10-27 04:00:00,4738.045675748709
2024-10-27 08:00:00,4710.8008074488735
2024-10-27 12:00:00,4805.669522344067
2024-10-27 16:00:00,4809.2974012517025
2024-10-27 20:00:00,4877.788619167045
2024-10-28 00:00:00,4849.852389651314
2024-10-28 04:00:00,4851.901143305383
2024-10-28 08:00:00,4900.65981961709
2024-10-28 12:00:00,4952.2440081723025
2024-10-28 16:00:00,5193.281732003713
2024-10-28 20:00:00,5240.742734659251
2024-10-29 00:00:00,5333.301361363977
2024-10-29 04:00:00,5291.323859925562
2024-10-29 08:00:00,5320.733102238084
2024-10-29 12:00:00,5423.241638641031
2024-10-29 16:00:00,5371.336079811591
2024-10-29 20:00:00,5462.062939740621
2024-10-30 00:00:00,5445.297848941944
2024-10-30 04:00:00,5407.646728715753
2024-10-30 08:00:00,5339.177145031183
2024-10-30 12:00:00,5297.971704139709
2024-10-30 16:00:00,5324.253610161258
2024-10-30 20:00:00,5333.347182217146
2024-10-31 00:00:00,5359.94059973792
2024-10-31 04:00:00,5380.273701576189
2024-10-31 08:00:00,5368.392326585984
2024-10-31 12:00:00,5292.78592440159
2024-11-02 04:00:00,5300.115517123917
2024-11-04 08:00:00,5404.270917002129
2024-11-04 12:00:00,5420.656229263538
2024-11-04 16:00:00,5435.6887406452515
2024-11-04 20:00:00,5414.628057335518
2024-11-05 00:00:00,5480.645607515237
2024-11-05 04:00:00,5561.043254919952
2024-11-05 08:00:00,5613.863213346533
2024-11-05 12:00:00,5656.622332059155
2024-11-05 16:00:00,5557.126237335918
2024-11-05 20:00:00,5583.548569870993
2024-11-06 00:00:00,6101.017395311213
2024-11-06 04:00:00,6035.559936027875
2024-11-06 08:00:00,6048.609828741036
2024-11-06 12:00:00,5986.935225245902
2024-11-06 16:00:00,6003.943250451661
2024-11-06 20:00:00,6011.449786191845
2024-11-07 00:00:00,6007.762413463988
2024-11-07 04:00:00,5981.572121224482
2024-11-07 08:00:00,5975.958186576772
2024-11-07 12:00:00,5994.332919576471
2024-11-07 16:00:00,5990.614166389855
2024-11-07 20:00:00,5986.588340994013
2024-11-08 00:00:00,5994.266627641018
2024-11-08 04:00:00,6020.563402768874
2024-11-08 08:00:00,6002.163546809603
2024-11-08 12:00:00,6003.730990489025
2024-11-08 16:00:00,6002.914018773406
2024-11-08 20:00:00,6028.404179156608
2024-11-09 00:00:00,6013.35736523143
2024-11-09 04:00:00,6066.113522788468
2024-11-09 08:00:00,6054.99760043715
2024-11-09 12:00:00,6030.27977030558
2024-11-09 16:00:00,6060.625118529982
2024-11-09 20:00:00,6208.566986238497
2024-11-10 00:00:00,6341.61184709632
2024-11-10 04:00:00,6315.574684993577
2024-11-10 08:00:00,6510.433087732798
2024-11-10 12:00:00,6559.802946356632
2024-11-10 16:00:00,6816.432889916816
2024-11-10 20:00:00,6872.872957824993
2024-11-11 00:00:00,6997.314051038625
2024-11-11 04:00:00,6902.177785821939
2024-11-11 08:00:00,6985.420175843954
2024-11-11 12:00:00,7102.547698743364
2024-11-11 16:00:00,7154.353242819756
2024-11-11 20:00:00,7376.2880072153075
2024-11-12 00:00:00,7444.360449989583
2024-11-12 04:00:00,7707.377137745952
2024-11-12 08:00:00,7631.121749787862
2024-11-12 12:00:00,7521.505795349803
2024-11-12 16:00:00,7562.1517416588495
2024-11-12 20:00:00,7550.729138135847
2024-11-13 00:00:00,7512.279049867014
2024-11-13 04:00:00,7536.9299213248905
2024-11-13 08:00:00,7580.169685056927
2024-11-13 12:00:00,7701.66281738844
2024-11-13 16:00:00,7560.3922174151785
2024-11-13 20:00:00,7612.111559839931
2024-11-14 00:00:00,7566.475756982217
2024-11-14 04:00:00,7605.7306229923315
2024-11-14 08:00:00,7598.044108774883
2024-11-14 12:00:00,7552.9386137991205
2024-11-14 16:00:00,7590.868048870204
2024-11-15 00:00:00,7620.782186165746
2024-11-15 08:00:00,7649.448005682109
2024-11-15 16:00:00,7710.009155192873
2024-11-15 20:00:00,7763.305946274822
2024-11-16 00:00:00,7753.600953001763
2024-11-16 04:00:00,7746.45495450601
2024-11-16 08:00:00,7730.20368913699
2024-11-16 16:00:00,7762.725116658738
2024-11-17 20:00:00,7814.889497287794
2024-11-18 00:00:00,7847.362734447558
2024-11-18 04:00:00,7866.475597135738
2024-11-18 12:00:00,7999.084685182926
2024-11-18 20:00:00,8027.798739548595
2024-11-19 00:00:00,8076.404069122151
2024-11-19 04:00:00,8185.3336527194315
2024-11-19 08:00:00,8127.908224558685
2024-11-19 12:00:00,8237.050195981394
2024-11-19 16:00:00,8325.555808621839
2024-11-19 20:00:00,8196.290299492177
2024-11-20 00:00:00,8128.7053431570885
2024-11-20 04:00:00,8182.484347255603
2024-11-20 08:00:00,8172.956861835013
2024-11-20 12:00:00,8202.020263320277
2024-11-21 04:00:00,8275.226206108491
2024-11-21 08:00:00,8253.153977482656
2024-11-21 16:00:00,8285.79996661009
2024-11-21 20:00:00,8300.763156259038
2024-11-22 00:00:00,8365.039034074958
2024-11-22 04:00:00,8336.74801581433
2024-11-22 08:00:00,8362.955910947756
2024-11-22 12:00:00,8446.584572151745
2024-11-22 16:00:00,8407.374835242394
2024-11-22 20:00:00,8531.114896577237
2024-11-23 00:00:00,8725.48888364414
2024-11-23 04:00:00,8961.207338499318
2024-11-23 08:00:00,9021.164791376574
2024-11-23 12:00:00,8899.231183111573
2024-11-23 16:00:00,8652.135640477452
2024-11-23 20:00:00,8691.46640970164
2024-11-24 00:00:00,8763.689927240732
2024-11-24 04:00:00,8737.66884529593
2024-11-24 16:00:00,8841.384730089121
2024-11-24 20:00:00,8916.95805266031
2024-11-25 00:00:00,8870.26203884952
2024-11-25 04:00:00,8899.324366205226
2024-11-25 08:00:00,8877.13001564104
2024-11-27 12:00:00,8962.200125502943
2024-11-27 16:00:00,8975.546189064855
2024-11-27 20:00:00,8951.266401984572
2024-11-28 00:00:00,9021.186291318973
2024-11-28 04:00:00,8957.4875804132
2024-11-28 08:00:00,8943.459413623717
2024-11-28 20:00:00,8966.205345813076
2024-11-29 00:00:00,9015.06643639358
2024-11-29 08:00:00,9147.357593463832
2024-11-29 12:00:00,9192.66203484745
2024-11-29 16:00:00,9357.409200014123
2024-11-29 20:00:00,9253.782576700014
2024-11-30 00:00:00,9201.611860484085
2024-11-30 04:00:00,9301.605425761449
2024-11-30 08:00:00,9189.936883036371
2024-11-30 12:00:00,9191.244400713636
2024-11-30 16:00:00,9223.763751631323
2024-11-30 20:00:00,9166.04505365816
2024-12-01 00:00:00,9200.031942266018
2024-12-01 04:00:00,9223.306757591503
2024-12-01 08:00:00,9188.94128835631
2024-12-01 12:00:00,9227.878447692776
2024-12-01 16:00:00,9266.006452780915
2024-12-01 20:00:00,9372.462800011694
2024-12-02 00:00:00,9385.825569628154
2024-12-02 04:00:00,9198.77698557875
2024-12-02 12:00:00,9459.431217001338
2024-12-02 16:00:00,9374.066490544
2024-12-02 20:00:00,9370.509544242612
2024-12-04 04:00:00,9417.437147723398
2024-12-04 20:00:00,9577.126303269628
2024-12-05 00:00:00,9597.040306561643
2024-12-05 04:00:00,9631.002144627544
2024-12-05 08:00:00,9686.059859916195
2024-12-05 12:00:00,9618.691625529264
2024-12-05 16:00:00,9551.42151907021
2024-12-05 20:00:00,9488.032036672217
2024-12-06 00:00:00,9621.131635210724
2024-12-06 04:00:00,9608.110012387007
2024-12-06 12:00:00,9665.36954297607
2024-12-06 16:00:00,9744.592934578584
2024-12-06 20:00:00,9685.34263417253
2024-12-07 00:00:00,9663.528463699076
2024-12-07 04:00:00,9858.609944981676
2024-12-07 08:00:00,9879.80320154259
2024-12-07 12:00:00,9912.213173626227
2024-12-07 16:00:00,10068.900168981576
2024-12-07 20:00:00,9905.986438381697
2024-12-08 00:00:00,10089.14780017795
2024-12-08 04:00:00,10045.093383073397
2024-12-08 08:00:00,9974.17550860367
2024-12-08 12:00:00,9985.130064504345
2024-12-08 16:00:00,10024.83340771264
2024-12-08 20:00:00,10039.128265605284
2024-12-09 00:00:00,9845.93407103763
2024-12-11 16:00:00,9859.185933365481
2024-12-11 20:00:00,9847.662605432763
2024-12-12 00:00:00,9857.14419234945
2024-12-12 12:00:00,9888.400809143886
2024-12-13 20:00:00,9931.459119503703
2024-12-14 00:00:00,9938.665234932081
2024-12-14 04:00:00,9922.235750122945
2024-12-15 20:00:00,9999.479407352184
2024-12-16 00:00:00,9957.609084200882
2024-12-16 04:00:00,9928.80895708143
2024-12-16 16:00:00,10048.640644066654
2024-12-17 00:00:00,10066.646271491054
2024-12-17 08:00:00,10192.719053707744
2024-12-21 04:00:00,10293.351641631938
2024-12-23 20:00:00,10362.477509499191
2024-12-24 00:00:00,10321.464649749674
2024-12-24 04:00:00,10314.898210118137
2024-12-24 08:00:00,10311.480022854172
2024-12-24 12:00:00,10496.104223300848
2024-12-24 16:00:00,10428.63466414017
2024-12-24 20:00:00,10496.918361300894
2024-12-25 00:00:00,10427.127728579406
2024-12-25 04:00:00,10406.391277402334
2024-12-25 08:00:00,10390.303633911073
2024-12-25 12:00:00,10383.836248096339
2024-12-25 16:00:00,10411.712278414218
2024-12-25 20:00:00,10429.518138357233
2024-12-26 00:00:00,10332.70257920697
2024-12-27 08:00:00,10557.917111964396
2024-12-28 12:00:00,10577.100429195285
2024-12-28 16:00:00,10659.122130513439
2024-12-28 20:00:00,10696.511899398552
2024-12-29 00:00:00,10717.29271357524
2024-12-29 04:00:00,10798.060525513229
2024-12-29 08:00:00,10704.15441021105
2024-12-30 04:00:00,10717.37371630263
2024-12-30 08:00:00,10722.327063242496
2024-12-30 16:00:00,10913.452868279168
2024-12-31 08:00:00,11097.56022596287
2024-12-31 12:00:00,11273.08581475565
2025-01-01 00:00:00,11327.803403365175
2025-01-01 12:00:00,11409.634944698846
2025-01-01 16:00:00,11497.901614921335
2025-01-01 20:00:00,11495.104899234944
2025-01-02 00:00:00,11622.166978760562
2025-01-02 04:00:00,11676.34134659877
2025-01-02 08:00:00,11832.277263884807
2025-01-02 12:00:00,11718.737118010671
2025-01-02 16:00:00,11748.594588399452
2025-01-02 20:00:00,11744.480553323465
2025-01-03 00:00:00,11800.969780774696
2025-01-03 04:00:00,11675.152921912779
2025-01-03 08:00:00,11955.420743061759
2025-01-03 12:00:00,12322.446256396035
2025-01-03 16:00:00,12558.01564694842
2025-01-03 20:00:00,12558.020851831836
2025-01-04 00:00:00,12765.140431547423
2025-01-04 04:00:00,12679.838979316022
2025-01-04 08:00:00,12741.18926062515
2025-01-04 12:00:00,12505.96362055441
2025-01-04 16:00:00,12577.479265464064
2025-01-04 20:00:00,12750.37320307094
2025-01-05 00:00:00,12644.879001670388
2025-01-05 04:00:00,12655.072809342355
2025-01-05 08:00:00,12530.673149912658
2025-01-05 12:00:00,12545.856337573396
2025-01-05 16:00:00,12516.903442386843
2025-01-05 20:00:00,12513.792395239105
2025-01-06 00:00:00,12565.17670715834
2025-01-06 04:00:00,12516.095326619241
2025-01-06 08:00:00,12565.479340554532
2025-01-06 12:00:00,12603.11407625746
2025-01-06 16:00:00,12587.554427673087
2025-01-06 20:00:00,12561.321620968803
2025-01-07 00:00:00,12631.606613563341
2025-01-07 04:00:00,12620.222693244408
2025-01-07 08:00:00,12468.357207612433
2025-01-11 16:00:00,12531.72855028308
2025-01-11 20:00:00,12578.17128843535
2025-01-12 00:00:00,12564.558792007541
2025-01-12 04:00:00,12542.39163863981
2025-01-12 12:00:00,12625.382358010014
2025-01-12 16:00:00,12600.156183866873
2025-01-13 20:00:00,12903.267078943854
2025-01-14 00:00:00,13018.92828478629
2025-01-14 04:00:00,12990.898256064746
2025-01-14 08:00:00,13120.886337212727
2025-01-14 12:00:00,13200.088056677772
2025-01-14 16:00:00,13223.745014507895
2025-01-14 20:00:00,13247.776961824924
2025-01-15 00:00:00,13398.618612675771
2025-01-15 04:00:00,13344.716549269384
2025-01-15 08:00:00,13144.785632643538
2025-01-15 12:00:00,13518.595398604442
2025-01-15 16:00:00,13613.73921537449
2025-01-15 20:00:00,13744.788859246672
2025-01-16 00:00:00,13580.749888025384
2025-01-16 04:00:00,13636.783881094801
2025-01-16 08:00:00,13596.813747043983
2025-01-16 12:00:00,13653.842643894533
2025-01-16 16:00:00,13727.197072093255
2025-01-16 20:00:00,13530.264454884289
2025-01-17 00:00:00,13685.621680904645
2025-01-17 04:00:00,13855.309337613906
2025-01-17 08:00:00,14132.709845459996
2025-01-17 12:00:00,14154.484084457772
2025-01-17 16:00:00,14203.074204183084
2025-01-17 20:00:00,14176.958586024904
2025-01-18 00:00:00,14105.957880110545
2025-01-18 04:00:00,13826.542900745848
2025-01-18 08:00:00,13891.187127325213
2025-01-18 12:00:00,13850.70548834658
2025-01-18 16:00:00,13832.946446887057
2025-01-18 20:00:00,13820.67954055865
2025-01-19 00:00:00,13880.260118093945
2025-01-19 04:00:00,13732.491441933013
2025-01-19 16:00:00,13825.10964223185
2025-01-21 08:00:00,14261.917550899227
2025-01-21 12:00:00,14218.654882730323
2025-01-21 16:00:00,14253.900521492462
2025-01-24 08:00:00,14313.920305292482
2025-01-30 00:00:00,14472.450278289602
2025-01-30 08:00:00,14489.879378411184
2025-01-30 12:00:00,14564.770537899583
2025-01-30 16:00:00,14521.079071024218
2025-01-31 12:00:00,14761.220107618035
2025-02-09 00:00:00,14960.603983245008
2025-02-09 04:00:00,14848.37547646572
2025-02-10 16:00:00,14931.978934896122
2025-02-10 20:00:00,15033.667046665354
2025-02-11 00:00:00,15156.595796114287
2025-02-11 04:00:00,15633.456273559139
2025-02-11 08:00:00,15554.950501923004
2025-02-11 12:00:00,15233.500148765906
2025-02-12 08:00:00,15323.31860019262
2025-02-12 16:00:00,15618.024501996986
2025-02-12 20:00:00,15703.777397334983
2025-02-13 00:00:00,15737.239510803312
2025-02-13 04:00:00,15454.123143195065
2025-02-13 08:00:00,15409.597388491316
2025-02-13 12:00:00,15398.358526430742
2025-02-13 20:00:00,15618.437918273561
2025-02-14 00:00:00,15660.080323904418
2025-02-14 04:00:00,15650.549428581095
2025-02-14 08:00:00,15904.526898596503
2025-02-14 12:00:00,15918.165781774034
2025-02-14 16:00:00,16054.116594403207
2025-02-14 20:00:00,15887.662218070236
2025-02-15 00:00:00,16123.753372970441
2025-02-15 04:00:00,15976.812674321593
2025-02-15 08:00:00,16049.722015353778
2025-02-15 12:00:00,15955.993796289058
2025-02-15 16:00:00,15771.955161048027
2025-02-15 20:00:00,15795.114522439892
2025-02-16 00:00:00,15759.557694455983
2025-02-16 04:00:00,15687.813774857386
2025-02-16 08:00:00,15732.709548184268
2025-02-21 08:00:00,15827.21488269802
2025-03-01 00:00:00,15933.29500728251
2025-03-01 16:00:00,15984.890525472629
2025-03-01 20:00:00,16043.566050140042
2025-03-02 00:00:00,16033.637572832158
2025-03-02 04:00:00,16045.041278037845
2025-03-02 08:00:00,16057.189492908441
2025-03-02 12:00:00,16140.581913904083
2025-03-02 16:00:00,16717.116895709547
2025-03-02 20:00:00,16865.407641597794
2025-03-03 00:00:00,16612.44152336482
2025-03-03 04:00:00,16510.69152556971
2025-03-03 08:00:00,16449.09943383509
2025-03-03 12:00:00,16333.295513164587
2025-03-05 16:00:00,16423.293649567357
2025-03-05 20:00:00,16435.342534052437
2025-03-06 00:00:00,16513.22768602657
2025-03-06 04:00:00,16517.24464616501
2025-03-06 08:00:00,16584.52199527953
2025-03-06 12:00:00,16433.021529579382
2025-03-07 08:00:00,16568.207357767194
2025-03-07 12:00:00,16587.743604076302
2025-03-07 16:00:00,16597.136527362945
2025-03-12 20:00:00,16696.811301159763
2025-03-13 00:00:00,16625.62937670411
2025-03-13 04:00:00,16596.51102277216
2025-03-13 08:00:00,16619.038121026508
2025-03-14 00:00:00,16754.184497748265
2025-03-14 08:00:00,16809.76691162617
2025-03-14 12:00:00,16977.86132935864
2025-03-14 16:00:00,16847.311824521497
2025-03-14 20:00:00,16888.186568010668
2025-03-15 00:00:00,16967.280592145595
2025-03-15 04:00:00,16868.608968206925
2025-03-15 08:00:00,16983.025600455607
2025-03-15 12:00:00,17122.52163874265
2025-03-15 16:00:00,17023.04361858922
2025-03-15 20:00:00,17047.0669667941
2025-03-16 00:00:00,16953.23500018215
2025-03-16 04:00:00,16998.684397261797
2025-03-17 00:00:00,17288.780686564474
2025-03-17 04:00:00,17266.155626179072
2025-03-17 08:00:00,17272.29260657065
2025-03-17 12:00:00,17212.880608434763
2025-03-17 16:00:00,17379.03181580163
2025-03-17 20:00:00,17265.11057824427
2025-03-19 08:00:00,17491.00491441974
2025-03-19 12:00:00,17625.06622167383
2025-03-19 16:00:00,17649.158918778714
2025-03-19 20:00:00,17925.717852811744
2025-03-20 00:00:00,17752.209974626734
2025-03-20 04:00:00,17642.672598950947
2025-03-20 08:00:00,17485.367599200825
2025-03-23 04:00:00,17563.499443517765
2025-03-23 08:00:00,17710.274283001043
2025-03-23 12:00:00,17818.676645164716
2025-03-23 16:00:00,17674.925484771185
2025-03-23 20:00:00,17856.637593835512
2025-03-24 00:00:00,17989.816880804206
2025-03-24 04:00:00,18127.138797976906
2025-03-24 08:00:00,18385.61098092649
2025-03-24 12:00:00,19204.189128261405
2025-03-24 16:00:00,19471.916932656597
2025-03-24 20:00:00,19123.524071002037
2025-03-25 00:00:00,19012.668990937862
2025-03-25 04:00:00,19093.874749883027
2025-03-25 08:00:00,19357.582883417166
2025-03-25 12:00:00,19776.8671280729
2025-03-25 16:00:00,19793.902104821056
2025-03-25 20:00:00,19733.62656935403
2025-03-26 00:00:00,19689.465942877025
2025-03-26 04:00:00,20605.3452359081
2025-03-26 08:00:00,20726.362691037975
2025-03-26 12:00:00,20256.45424325619
2025-03-26 16:00:00,20128.170265368073
2025-03-26 20:00:00,20160.17988461062
2025-03-27 00:00:00,20391.898908464864
2025-03-27 04:00:00,20202.13641076285
2025-03-27 08:00:00,20050.22606578084
2025-03-27 12:00:00,19982.33399720913
2025-03-27 16:00:00,19917.311398105896
2025-03-27 20:00:00,19880.33568386497
2025-04-01 08:00:00,19950.24538467577
2025-04-01 12:00:00,20378.213410577137
2025-04-01 16:00:00,20092.245606421257
2025-04-01 20:00:00,20271.796036732056
2025-04-02 08:00:00,20410.152895046635
2025-04-02 12:00:00,20871.36180151431
2025-04-02 16:00:00,20693.66148267402
2025-04-04 04:00:00,20911.270792231775
2025-04-04 12:00:00,21211.762903441282
2025-04-04 16:00:00,21327.23478020596
2025-04-04 20:00:00,21397.93801477935
2025-04-05 00:00:00,21281.723899101646
2025-04-05 04:00:00,21273.257874598046
2025-04-05 08:00:00,21305.19378551581
2025-04-05 20:00:00,21378.322572285575
2025-04-08 08:00:00,21612.584431422096
2025-04-09 16:00:00,22143.36578666396
2025-04-09 20:00:00,22138.29680298409
2025-04-10 00:00:00,21978.93212708433
2025-04-10 04:00:00,21992.507530639377
2025-04-10 08:00:00,21995.002464559457
2025-04-10 16:00:00,22153.069898318132
2025-04-10 20:00:00,22137.64025889687
2025-04-11 00:00:00,22262.222920873344
2025-04-11 04:00:00,22273.454594396004
2025-04-11 08:00:00,22303.669076409355
2025-04-11 12:00:00,22324.322321857766
2025-04-11 16:00:00,22362.103177487137
2025-04-11 20:00:00,22366.715885148493
2025-04-12 00:00:00,22303.868292956755
2025-04-12 04:00:00,22494.836391267258
2025-04-12 08:00:00,22435.549357409098
2025-04-12 12:00:00,22691.133022577327
2025-04-12 16:00:00,22626.883481073135
2025-04-12 20:00:00,22683.6856658678
2025-04-13 00:00:00,22621.040636301994
2025-04-13 04:00:00,22422.987333326182
2025-04-13 08:00:00,22487.733339739745
2025-04-13 12:00:00,22246.42520970776
2025-04-13 16:00:00,22288.494139544437
2025-04-13 20:00:00,22243.709995856287
2025-04-14 00:00:00,22509.374158232942
2025-04-14 04:00:00,22388.208280782852
2025-04-14 08:00:00,22524.46220968768
2025-04-18 12:00:00,22643.594678218335
2025-04-18 16:00:00,22878.006694165837
2025-04-18 20:00:00,22800.266200639162
2025-04-19 00:00:00,23119.503908215844
2025-04-19 04:00:00,23025.817529084237
2025-04-19 08:00:00,22798.808577587417
2025-04-19 12:00:00,22718.181064528184
2025-04-19 16:00:00,22571.569155688736
2025-04-19 20:00:00,22550.465776468216
2025-04-20 00:00:00,22749.276114018463
2025-04-21 00:00:00,23588.593263278428
2025-04-21 04:00:00,23789.600288973757
2025-04-21 08:00:00,23705.419455609543
2025-04-21 12:00:00,23552.918649550615
2025-04-21 16:00:00,23256.433243161104
2025-04-21 20:00:00,23355.953726891286
2025-04-22 00:00:00,23536.35642718582
2025-04-22 04:00:00,23878.11946821718
2025-04-22 08:00:00,23889.701725910196
2025-04-22 12:00:00,24829.844777884355
2025-04-22 16:00:00,24796.25611179643
2025-04-22 20:00:00,25418.774652599826
2025-04-23 00:00:00,25692.90963241908
2025-04-23 04:00:00,25682.137491988902
2025-04-23 08:00:00,25672.18425569394
2025-04-23 12:00:00,25351.384374064917
2025-04-23 16:00:00,25328.843810488474
2025-04-23 20:00:00,25335.719435631836
2025-04-24 00:00:00,24827.56446477489
2025-04-24 04:00:00,24781.836930502308
2025-04-24 08:00:00,24857.838651923015
2025-04-24 12:00:00,25226.72241331558
2025-04-24 16:00:00,25407.150725969586
2025-04-24 20:00:00,25507.473218166437
2025-04-25 00:00:00,25336.838326930545
2025-04-25 04:00:00,25478.262159721442
2025-04-25 08:00:00,25500.76172411328
2025-04-25 12:00:00,25466.524946101385
2025-04-25 16:00:00,25371.14691164731
2025-04-25 20:00:00,25352.884653940706
2025-04-26 00:00:00,25789.462584937188
2025-04-26 04:00:00,25714.83280998841
2025-04-26 08:00:00,25268.59990464577
2025-04-26 12:00:00,25339.81899076294
2025-04-26 16:00:00,25204.744303936262
2025-04-26 20:00:00,25255.13321860235
2025-04-27 04:00:00,25304.883803446108
2025-04-27 08:00:00,25333.44584859538
2025-04-27 12:00:00,25243.35309339125
2025-04-27 16:00:00,25468.71169103583
2025-04-28 04:00:00,25754.88574498573
2025-04-28 08:00:00,25797.298642668007
2025-04-29 04:00:00,25806.53270218932
2025-05-01 08:00:00,26186.79612217332
2025-05-01 12:00:00,26282.1218254285
2025-05-01 16:00:00,26268.2698735502
2025-05-01 20:00:00,26250.732204053278
2025-05-02 00:00:00,26420.34311801259
2025-05-02 04:00:00,26061.023775488142
2025-05-02 08:00:00,26208.257713533923
2025-05-02 12:00:00,26247.347588643603
2025-05-02 16:00:00,26081.265233554946
2025-05-02 20:00:00,26213.11810467811
2025-05-03 00:00:00,26073.390456134613
2025-05-06 20:00:00,26551.83624261111
2025-05-07 00:00:00,26479.895827531687
2025-05-07 04:00:00,26660.393212535873
2025-05-07 08:00:00,26642.010094018864
2025-05-07 20:00:00,26905.87624588214
2025-05-08 00:00:00,27853.698457827482
2025-05-08 04:00:00,28042.4148118333
2025-05-08 08:00:00,28185.210363399594
2025-05-08 12:00:00,28809.57482774059
2025-05-08 16:00:00,28939.250368497364
2025-05-08 20:00:00,29622.169360371863
2025-05-09 00:00:00,29181.876309534404
2025-05-09 04:00:00,30188.19777335428
2025-05-09 08:00:00,30270.999525674382
2025-05-09 12:00:00,30047.73899959862
2025-05-09 16:00:00,30093.004451849516
2025-05-09 20:00:00,30092.63293681595
2025-05-10 00:00:00,30399.264750770635
2025-05-10 04:00:00,31366.304160651234
2025-05-10 08:00:00,31256.399466774263
2025-05-10 12:00:00,31500.26918671669
2025-05-10 16:00:00,31954.466437032646
2025-05-10 20:00:00,32769.300579562994
2025-05-11 00:00:00,32191.848753490194
2025-05-11 04:00:00,31744.313113725955
2025-05-11 08:00:00,31903.481336935674
2025-05-11 12:00:00,31570.349354835136
2025-05-11 16:00:00,31734.59682041884
2025-05-11 20:00:00,31757.195889480816
2025-05-12 00:00:00,32022.767822619313
2025-05-12 04:00:00,32245.801148447652
2025-05-12 08:00:00,32161.95293707146
2025-05-12 12:00:00,31726.94132077877
2025-05-12 16:00:00,31494.931662028073
2025-05-12 20:00:00,31644.433766221926
2025-05-13 08:00:00,31796.794277424673
2025-05-13 12:00:00,31982.690386413
2025-05-13 16:00:00,32224.975433771448
2025-05-13 20:00:00,32291.00878034257
2025-05-14 00:00:00,32200.58723223971
2025-05-14 04:00:00,32115.466557964126
2025-05-14 08:00:00,32122.015435333145
2025-05-14 12:00:00,31869.02991082437
2025-05-14 16:00:00,31928.97627783585
2025-05-14 20:00:00,31829.308488389466
2025-05-15 00:00:00,31770.02664938864
2025-05-16 12:00:00,31906.043207484086
2025-05-18 04:00:00,32538.581232413268
2025-05-18 08:00:00,32550.53599773095
2025-05-18 12:00:00,33853.67833806089
2025-05-18 20:00:00,34504.50592334505
2025-05-19 16:00:00,34659.04625049428
2025-05-19 20:00:00,34654.029817238996
2025-05-20 00:00:00,34712.224266753845
2025-05-20 16:00:00,34896.13753460818
2025-05-20 20:00:00,34995.94543271035
2025-05-21 00:00:00,35134.73218335638
2025-05-21 04:00:00,34991.74228336841
2025-05-21 08:00:00,34974.75221507997
2025-05-21 12:00:00,35247.40963051034
2025-05-21 16:00:00,35145.992914636445
2025-05-21 20:00:00,35336.764440379295
2025-05-22 00:00:00,35746.784967202926
2025-05-22 04:00:00,35725.23231353965
2025-05-22 08:00:00,35641.90799462811
2025-05-22 12:00:00,35740.42501617605
2025-05-22 16:00:00,35473.52154436575
2025-05-22 20:00:00,36190.881905384325
2025-05-23 00:00:00,36790.93671171651
2025-05-23 04:00:00,35916.10012977234
2025-05-26 00:00:00,36105.86285559231
2025-05-26 04:00:00,36325.38333784753
2025-05-27 04:00:00,36730.54012775831
2025-05-27 08:00:00,36827.90187486942
2025-05-27 12:00:00,36792.86231951542
2025-05-27 16:00:00,36530.715141434324
2025-05-29 00:00:00,37276.189073682865
2025-05-29 08:00:00,37318.95174193796
2025-06-02 20:00:00,37926.181405556505
2025-06-03 00:00:00,37978.971465536604
2025-06-03 04:00:00,37896.80075569189
2025-06-03 12:00:00,38221.15724250855
2025-06-03 16:00:00,38151.68983716065
2025-06-04 00:00:00,38597.46113905013
2025-06-04 04:00:00,38462.5533810265
2025-06-07 04:00:00,38690.318343079656
2025-06-07 08:00:00,38734.79611536213
2025-06-07 12:00:00,38777.87830008388
2025-06-07 20:00:00,38926.527739691344
2025-06-08 16:00:00,39092.936043119254
2025-06-09 08:00:00,39883.113873430375
2025-06-09 12:00:00,39537.837377261996
2025-06-09 16:00:00,39837.98427609947
2025-06-09 20:00:00,41176.781249944965
2025-06-10 00:00:00,40976.18776332566
2025-06-10 04:00:00,40574.179158762505
2025-06-10 08:00:00,41071.25627390588
2025-06-10 12:00:00,40529.67614450166
2025-06-10 16:00:00,40975.65485657107
2025-06-10 20:00:00,41452.4361451667
2025-06-11 00:00:00,41321.0258734022
2025-06-11 04:00:00,41924.72645877397
2025-06-11 08:00:00,41477.5713721625
2025-06-11 12:00:00,41952.964953602386
2025-06-11 16:00:00,40945.95895335829
2025-06-16 04:00:00,41325.790463935846
2025-06-16 16:00:00,41814.51383502245
